block,param1,param2,correlation,direction,max_abs_dscore_1,max_abs_dscore_2
NMDAR,Glu+NMDAR.tau,NMDAR_inact.Kf,1.0,positive (redundant),0.016007,0.019183
Glu_mGluR_1,ePKC+mGluR.Km,ePKA+GluR.Km,1.0,positive (redundant),0.024657,0.006724
Glu_mGluR_1,ePKC+mGluR.Km,ePP2A+LRpS870G.Km,1.0,positive (redundant),0.024657,0.029199
Glu_mGluR_1,ePKC+mGluR.Km,ePP2A+LRpS870G.kcat,1.0,positive (redundant),0.024657,0.01091
Glu_mGluR_1,ePKC+mGluR.Km,RpS870+Glu.tau,1.0,positive (redundant),0.024657,0.017101
Glu_mGluR_1,ePKC+mGluR.Km,RpS870Glu+Gq.Kd,1.0,positive (redundant),0.024657,0.011106
Glu_mGluR_1,ePKC+mGluR.Km,RpS870Glu+Gq.tau,1.0,positive (redundant),0.024657,0.043088
Glu_mGluR_1,ePKA+GluR.Km,ePP2A+LRpS870G.Km,1.0,positive (redundant),0.006724,0.029199
Glu_mGluR_1,ePKA+GluR.Km,ePP2A+LRpS870G.kcat,1.0,positive (redundant),0.006724,0.01091
Glu_mGluR_1,ePKA+GluR.Km,RpS870+Glu.tau,1.0,positive (redundant),0.006724,0.017101
Glu_mGluR_1,ePKA+GluR.Km,RpS870Glu+Gq.tau,1.0,positive (redundant),0.006724,0.043088
Glu_mGluR_1,ePP2A+LRpS870G.Km,ePP2A+LRpS870G.kcat,1.0,positive (redundant),0.029199,0.01091
Glu_mGluR_1,ePP2A+LRpS870G.Km,RpS870+Glu.tau,1.0,positive (redundant),0.029199,0.017101
Glu_mGluR_1,ePP2A+LRpS870G.Km,RpS870Glu+Gq.tau,1.0,positive (redundant),0.029199,0.043088
Glu_mGluR_1,ePP2A+LRpS870G.kcat,RpS870+Glu.tau,1.0,positive (redundant),0.01091,0.017101
Glu_mGluR_1,ePP2A+LRpS870G.kcat,RpS870Glu+Gq.Kd,1.0,positive (redundant),0.01091,0.011106
Glu_mGluR_1,ePP2A+LRpS870G.kcat,RpS870Glu+Gq.tau,1.0,positive (redundant),0.01091,0.043088
Glu_mGluR_1,RpS870+Glu.tau,RpS870Glu+Gq.Kd,1.0,positive (redundant),0.017101,0.011106
Glu_mGluR_1,RpS870+Glu.tau,RpS870Glu+Gq.tau,1.0,positive (redundant),0.017101,0.043088
Glu_mGluR_1,RpS870Glu+Gq.Kd,RpS870Glu+Gq.tau,1.0,positive (redundant),0.011106,0.043088
Glu_mGluR_3,ePKC+RpS870G.kcat,ePKC+RpS870G.Km,1.0,positive (redundant),1.745355,1.745355
Glu_mGluR_3,ePKC+RpS870G.kcat,ePKC+RpS870.kcat,1.0,positive (redundant),1.745355,1.745355
Glu_mGluR_3,ePKC+RpS870G.kcat,ePKC+RpS870.Km,1.0,positive (redundant),1.745355,1.745355
Glu_mGluR_3,ePKC+RpS870G.kcat,ePKC+LRpS870.kcat,1.0,positive (redundant),1.745355,1.745355
Glu_mGluR_3,ePKC+RpS870G.kcat,ePKC+LRpS870.Km,1.0,positive (redundant),1.745355,1.745355
Glu_mGluR_3,ePKC+RpS870G.kcat,ePKC+RG.kcat,1.0,positive (redundant),1.745355,1.745355
Glu_mGluR_3,ePKC+RpS870G.kcat,ePKC+RG.Km,1.0,positive (redundant),1.745355,1.745355
Glu_mGluR_3,ePKC+RpS870G.kcat,ePKC+LR.Km,1.0,positive (redundant),1.745355,1.745355
Glu_mGluR_3,ePKC+RpS870G.kcat,ePKC+LR.kcat,1.0,positive (redundant),1.745355,1.745355
Glu_mGluR_3,ePKC+RpS870G.Km,ePKC+RpS870.kcat,1.0,positive (redundant),1.745355,1.745355
Glu_mGluR_3,ePKC+RpS870G.Km,ePKC+RpS870.Km,1.0,positive (redundant),1.745355,1.745355
Glu_mGluR_3,ePKC+RpS870G.Km,ePKC+LRpS870.kcat,1.0,positive (redundant),1.745355,1.745355
Glu_mGluR_3,ePKC+RpS870G.Km,ePKC+LRpS870.Km,1.0,positive (redundant),1.745355,1.745355
Glu_mGluR_3,ePKC+RpS870G.Km,ePKC+RG.kcat,1.0,positive (redundant),1.745355,1.745355
Glu_mGluR_3,ePKC+RpS870G.Km,ePKC+RG.Km,1.0,positive (redundant),1.745355,1.745355
Glu_mGluR_3,ePKC+RpS870G.Km,ePKC+LR.Km,1.0,positive (redundant),1.745355,1.745355
Glu_mGluR_3,ePKC+RpS870G.Km,ePKC+LR.kcat,1.0,positive (redundant),1.745355,1.745355
Glu_mGluR_3,ePKC+RpS870.kcat,ePKC+RpS870.Km,1.0,positive (redundant),1.745355,1.745355
Glu_mGluR_3,ePKC+RpS870.kcat,ePKC+LRpS870.kcat,1.0,positive (redundant),1.745355,1.745355
Glu_mGluR_3,ePKC+RpS870.kcat,ePKC+LRpS870.Km,1.0,positive (redundant),1.745355,1.745355
Glu_mGluR_3,ePKC+RpS870.kcat,ePKC+RG.kcat,1.0,positive (redundant),1.745355,1.745355
Glu_mGluR_3,ePKC+RpS870.kcat,ePKC+RG.Km,1.0,positive (redundant),1.745355,1.745355
Glu_mGluR_3,ePKC+RpS870.kcat,ePKC+LR.Km,1.0,positive (redundant),1.745355,1.745355
Glu_mGluR_3,ePKC+RpS870.kcat,ePKC+LR.kcat,1.0,positive (redundant),1.745355,1.745355
Glu_mGluR_3,ePKC+RpS870.Km,ePKC+LRpS870.kcat,1.0,positive (redundant),1.745355,1.745355
Glu_mGluR_3,ePKC+RpS870.Km,ePKC+LRpS870.Km,1.0,positive (redundant),1.745355,1.745355
Glu_mGluR_3,ePKC+RpS870.Km,ePKC+RG.kcat,1.0,positive (redundant),1.745355,1.745355
Glu_mGluR_3,ePKC+RpS870.Km,ePKC+RG.Km,1.0,positive (redundant),1.745355,1.745355
Glu_mGluR_3,ePKC+RpS870.Km,ePKC+LR.Km,1.0,positive (redundant),1.745355,1.745355
Glu_mGluR_3,ePKC+RpS870.Km,ePKC+LR.kcat,1.0,positive (redundant),1.745355,1.745355
Glu_mGluR_3,ePKC+LRpS870.kcat,ePKC+LRpS870.Km,1.0,positive (redundant),1.745355,1.745355
Glu_mGluR_3,ePKC+LRpS870.kcat,ePKC+RG.kcat,1.0,positive (redundant),1.745355,1.745355
Glu_mGluR_3,ePKC+LRpS870.kcat,ePKC+RG.Km,1.0,positive (redundant),1.745355,1.745355
Glu_mGluR_3,ePKC+LRpS870.kcat,ePKC+LR.Km,1.0,positive (redundant),1.745355,1.745355
Glu_mGluR_3,ePKC+LRpS870.kcat,ePKC+LR.kcat,1.0,positive (redundant),1.745355,1.745355
Glu_mGluR_3,ePKC+LRpS870.Km,ePKC+RG.kcat,1.0,positive (redundant),1.745355,1.745355
Glu_mGluR_3,ePKC+LRpS870.Km,ePKC+RG.Km,1.0,positive (redundant),1.745355,1.745355
Glu_mGluR_3,ePKC+LRpS870.Km,ePKC+LR.Km,1.0,positive (redundant),1.745355,1.745355
Glu_mGluR_3,ePKC+LRpS870.Km,ePKC+LR.kcat,1.0,positive (redundant),1.745355,1.745355
Glu_mGluR_3,ePKC+RG.kcat,ePKC+RG.Km,1.0,positive (redundant),1.745355,1.745355
Glu_mGluR_3,ePKC+RG.kcat,ePKC+LR.Km,1.0,positive (redundant),1.745355,1.745355
Glu_mGluR_3,ePKC+RG.kcat,ePKC+LR.kcat,1.0,positive (redundant),1.745355,1.745355
Glu_mGluR_3,ePKC+RG.Km,ePKC+LR.Km,1.0,positive (redundant),1.745355,1.745355
Glu_mGluR_3,ePKC+RG.Km,ePKC+LR.kcat,1.0,positive (redundant),1.745355,1.745355
Glu_mGluR_3,ePKC+LR.Km,ePKC+LR.kcat,1.0,positive (redundant),1.745355,1.745355
DHPG_mGluR_1,ePP2A+DHPGRpS870.Km,RpS870+DHPG.Kd,1.0,positive (redundant),0.027084,0.002688
DHPG_mGluR_1,ePP2A+DHPGRpS870.Km,RpS870DHPG+Gq.Kd,1.0,positive (redundant),0.027084,0.003299
DHPG_mGluR_1,ePP2A+DHPGRpS870.Km,RpS870DHPG+Gq.tau,1.0,positive (redundant),0.027084,0.001982
DHPG_mGluR_1,ePP2A+DHPGRpS870.Km,RpS870Gq+DHPG.Kd,1.0,positive (redundant),0.027084,0.001391
DHPG_mGluR_1,ePP2A+DHPGRpS870.Km,DHPGRpS870G_act.Kf,1.0,positive (redundant),0.027084,0.001352
DHPG_mGluR_1,ePP2A+DHPGRpS870.Km,ePP2A+DHPGRpS870G.Km,-1.0,negative (compensating),0.027084,0.000148
DHPG_mGluR_1,ePP2A+DHPGRpS870.Km,ePP2A+DHPGRpS870G.kcat,-1.0,negative (compensating),0.027084,0.000133
DHPG_mGluR_1,RpS870+DHPG.Kd,RpS870DHPG+Gq.Kd,1.0,positive (redundant),0.002688,0.003299
DHPG_mGluR_1,RpS870+DHPG.Kd,RpS870DHPG+Gq.tau,1.0,positive (redundant),0.002688,0.001982
DHPG_mGluR_1,RpS870+DHPG.Kd,RpS870Gq+DHPG.Kd,1.0,positive (redundant),0.002688,0.001391
DHPG_mGluR_1,RpS870+DHPG.Kd,DHPGRpS870G_act.Kf,1.0,positive (redundant),0.002688,0.001352
DHPG_mGluR_1,RpS870+DHPG.Kd,ePP2A+DHPGRpS870G.Km,-1.0,negative (compensating),0.002688,0.000148
DHPG_mGluR_1,RpS870+DHPG.Kd,ePP2A+DHPGRpS870G.kcat,-1.0,negative (compensating),0.002688,0.000133
DHPG_mGluR_1,RpS870DHPG+Gq.Kd,RpS870DHPG+Gq.tau,1.0,positive (redundant),0.003299,0.001982
DHPG_mGluR_1,RpS870DHPG+Gq.Kd,RpS870Gq+DHPG.Kd,1.0,positive (redundant),0.003299,0.001391
DHPG_mGluR_1,RpS870DHPG+Gq.Kd,DHPGRpS870G_act.Kf,1.0,positive (redundant),0.003299,0.001352
DHPG_mGluR_1,RpS870DHPG+Gq.Kd,ePP2A+DHPGRpS870G.Km,-1.0,negative (compensating),0.003299,0.000148
DHPG_mGluR_1,RpS870DHPG+Gq.Kd,ePP2A+DHPGRpS870G.kcat,-1.0,negative (compensating),0.003299,0.000133
DHPG_mGluR_1,RpS870DHPG+Gq.tau,RpS870Gq+DHPG.Kd,1.0,positive (redundant),0.001982,0.001391
DHPG_mGluR_1,RpS870DHPG+Gq.tau,DHPGRpS870G_act.Kf,1.0,positive (redundant),0.001982,0.001352
DHPG_mGluR_1,RpS870DHPG+Gq.tau,ePP2A+DHPGRpS870G.Km,-1.0,negative (compensating),0.001982,0.000148
DHPG_mGluR_1,RpS870DHPG+Gq.tau,ePP2A+DHPGRpS870G.kcat,-1.0,negative (compensating),0.001982,0.000133
DHPG_mGluR_1,RpS870Gq+DHPG.Kd,DHPGRpS870G_act.Kf,1.0,positive (redundant),0.001391,0.001352
DHPG_mGluR_1,RpS870Gq+DHPG.Kd,ePP2A+DHPGRpS870G.Km,-1.0,negative (compensating),0.001391,0.000148
DHPG_mGluR_1,RpS870Gq+DHPG.Kd,ePP2A+DHPGRpS870G.kcat,-1.0,negative (compensating),0.001391,0.000133
DHPG_mGluR_1,DHPGRpS870G_act.Kf,ePP2A+DHPGRpS870G.Km,-1.0,negative (compensating),0.001352,0.000148
DHPG_mGluR_1,DHPGRpS870G_act.Kf,ePP2A+DHPGRpS870G.kcat,-1.0,negative (compensating),0.001352,0.000133
DHPG_mGluR_1,ePP2A+DHPGRpS870G.Km,ePP2A+DHPGRpS870G.kcat,1.0,positive (redundant),0.000148,0.000133
DHPG_mGluR_2,ePKC+DHPGR.Km,ePKC+DHPGRpS870.Km,1.0,positive (redundant),1.81066,1.81066
DHPG_mGluR_2,ePKC+DHPGR.Km,ePKC+DHPGRpS870.kcat,1.0,positive (redundant),1.81066,1.81066
DHPG_mGluR_2,ePKC+DHPGRpS870.Km,ePKC+DHPGRpS870.kcat,1.0,positive (redundant),1.81066,1.81066
barr2,GRK2+bg.tau,eGRK2+DHPG_mGluR5.kcat,1.0,positive (redundant),0.011052,0.000517
barr2,GRK2+bg.tau,LRpT840+barr2.tau,1.0,positive (redundant),0.011052,0.003663
barr2,GRK2+bg.tau,DHPGRpT840+barr2.Kd,1.0,positive (redundant),0.011052,0.004989
barr2,GRK2+bg.tau,DHPGRpT840_barr2_internalize.Kf,-1.0,negative (compensating),0.011052,0.003012
barr2,GRK2_antag.Kf,GRK2_Gq_inact.Kf,1.0,positive (redundant),0.155431,0.155431
barr2,eGRK2+DHPG_mGluR5.kcat,DHPGRpT840+barr2.Kd,1.0,positive (redundant),0.000517,0.004989
barr2,eGRK2+DHPG_mGluR5.kcat,DHPGRpT840_barr2_internalize.Kf,-1.0,negative (compensating),0.000517,0.003012
barr2,LRpT840+barr2.tau,DHPGRpT840+barr2.Kd,1.0,positive (redundant),0.003663,0.004989
barr2,LRpT840+barr2.tau,DHPGRpT840_barr2_internalize.Kf,-1.0,negative (compensating),0.003663,0.003012
barr2,DHPGRpT840+barr2.Kd,DHPGRpT840_barr2_internalize.Kf,-1.0,negative (compensating),0.004989,0.003012
HomerPIKE_1,Glu+mGluR_Homer.tau,Glu+mGluR_Homer.Kd,1.0,positive (redundant),1.496867,1.496867
HomerPIKE_1,Glu+mGluR_Homer.tau,DHPG+mGluR_Homer.tau,1.0,positive (redundant),1.496867,1.496867
HomerPIKE_1,Glu+mGluR_Homer.tau,DHPG+mGluR_Homer.Kd,1.0,positive (redundant),1.496867,1.496867
HomerPIKE_1,Glu+mGluR_Homer.tau,mGluR+Homer.Kd,1.0,positive (redundant),1.496867,1.496867
HomerPIKE_1,Glu+mGluR_Homer.tau,mGluR+Homer.tau,1.0,positive (redundant),1.496867,1.496867
HomerPIKE_1,Glu+mGluR_Homer.Kd,DHPG+mGluR_Homer.tau,1.0,positive (redundant),1.496867,1.496867
HomerPIKE_1,Glu+mGluR_Homer.Kd,DHPG+mGluR_Homer.Kd,1.0,positive (redundant),1.496867,1.496867
HomerPIKE_1,Glu+mGluR_Homer.Kd,mGluR+Homer.Kd,1.0,positive (redundant),1.496867,1.496867
HomerPIKE_1,Glu+mGluR_Homer.Kd,mGluR+Homer.tau,1.0,positive (redundant),1.496867,1.496867
HomerPIKE_1,DHPG+mGluR_Homer.tau,DHPG+mGluR_Homer.Kd,1.0,positive (redundant),1.496867,1.496867
HomerPIKE_1,DHPG+mGluR_Homer.tau,mGluR+Homer.Kd,1.0,positive (redundant),1.496867,1.496867
HomerPIKE_1,DHPG+mGluR_Homer.tau,mGluR+Homer.tau,1.0,positive (redundant),1.496867,1.496867
HomerPIKE_1,DHPG+mGluR_Homer.Kd,mGluR+Homer.Kd,1.0,positive (redundant),1.496867,1.496867
HomerPIKE_1,DHPG+mGluR_Homer.Kd,mGluR+Homer.tau,1.0,positive (redundant),1.496867,1.496867
HomerPIKE_1,mGluR+Homer.Kd,mGluR+Homer.tau,1.0,positive (redundant),1.496867,1.496867
TrKs_SHC,eTrKB+SHC.Km,eTrKB+SHC.kcat,1.0,positive (redundant),0.210973,0.014962
TrKs_PLCg,eTrKB+CaPLCg.Km,eTrKB+CaPLCg.kcat,1.0,positive (redundant),0.031348,0.004242
TrKs_PLCg,eCaPLCgp+PIP2.Km,eCaPLCgp+PIP2.kcat,1.0,positive (redundant),0.067296,0.067826
AC_1,CaMCa4+AC1.tau,Gs+AC2p.Kd,1.0,positive (redundant),0.00462,0.022817
AC_2,AC2_deph.Kf,CaMCa4+PDE1.tau,1.0,positive (redundant),0.024866,0.028915
Ca,eIP3R+Ca.Km,eIP3R+Ca.kcat,1.0,positive (redundant),0.090819,0.090819
Ca,eVGCC+Ca.kcat,eAMPAR+VGCC.Km,1.0,positive (redundant),0.007576,0.007877
Ca,eVGCC+Ca.kcat,eAMPAR+VGCC.kcat,1.0,positive (redundant),0.007576,0.004942
Ca,eNMDA_NMDAR+Ca.Km,eNMDA_NMDAR+Ca.kcat,-1.0,negative (compensating),0.011324,0.094154
Ca,eAMPAR+VGCC.Km,eAMPAR+VGCC.kcat,1.0,positive (redundant),0.007877,0.004942
Ras,eGAP+Ras.Km,eGAP+Ras.kcat,-1.0,negative (compensating),0.443716,0.018242
CaMKII_1,eCaMKIIp+CaMKII_CaM.kcat,eCaMKIIp+CaMKII_CaM.Km,-1.0,negative (compensating),0.001211,0.000852
CaMKII_1,ePP1+CaMKIIpppc.Km,ePP1+CaMKIIpp.Km,1.0,positive (redundant),0.319857,0.142138
CaMKII_1,ePP1+CaMKIIpppc.Km,ePP1+CaMKIIpppc.kcat,1.0,positive (redundant),0.319857,0.01039
CaMKII_1,ePP1+CaMKIIpppc.Km,ePP1+CaMKIIppp.kcat,1.0,positive (redundant),0.319857,0.017889
CaMKII_1,ePP1+CaMKIIpppc.Km,ePP1+CaMKIIp.Km,1.0,positive (redundant),0.319857,0.00026
CaMKII_1,ePP1+CaMKIIpppc.Km,ePP1+CaMKIIppp.Km,-1.0,negative (compensating),0.319857,0.00789
CaMKII_1,ePP1+CaMKIIpppc.Km,ePP1+CaMKIIp.kcat,-1.0,negative (compensating),0.319857,0.000494
CaMKII_1,ePP1+CaMKIIpppc.Km,ePP1+CaMKIIpp.kcat,-1.0,negative (compensating),0.319857,0.004213
CaMKII_1,ePP1+CaMKIIpp.Km,ePP1+CaMKIIpppc.kcat,1.0,positive (redundant),0.142138,0.01039
CaMKII_1,ePP1+CaMKIIpp.Km,ePP1+CaMKIIppp.kcat,1.0,positive (redundant),0.142138,0.017889
CaMKII_1,ePP1+CaMKIIpp.Km,ePP1+CaMKIIp.Km,1.0,positive (redundant),0.142138,0.00026
CaMKII_1,ePP1+CaMKIIpp.Km,ePP1+CaMKIIppp.Km,-1.0,negative (compensating),0.142138,0.00789
CaMKII_1,ePP1+CaMKIIpp.Km,ePP1+CaMKIIp.kcat,-1.0,negative (compensating),0.142138,0.000494
CaMKII_1,ePP1+CaMKIIpp.Km,ePP1+CaMKIIpp.kcat,-1.0,negative (compensating),0.142138,0.004213
CaMKII_1,ePP1+CaMKIIpppc.kcat,ePP1+CaMKIIppp.kcat,1.0,positive (redundant),0.01039,0.017889
CaMKII_1,ePP1+CaMKIIpppc.kcat,ePP1+CaMKIIp.Km,1.0,positive (redundant),0.01039,0.00026
CaMKII_1,ePP1+CaMKIIpppc.kcat,ePP1+CaMKIIppp.Km,-1.0,negative (compensating),0.01039,0.00789
CaMKII_1,ePP1+CaMKIIpppc.kcat,ePP1+CaMKIIp.kcat,-1.0,negative (compensating),0.01039,0.000494
CaMKII_1,ePP1+CaMKIIpppc.kcat,ePP1+CaMKIIpp.kcat,-1.0,negative (compensating),0.01039,0.004213
CaMKII_1,ePP1+CaMKIIppp.kcat,ePP1+CaMKIIp.Km,1.0,positive (redundant),0.017889,0.00026
CaMKII_1,ePP1+CaMKIIppp.kcat,ePP1+CaMKIIppp.Km,-1.0,negative (compensating),0.017889,0.00789
CaMKII_1,ePP1+CaMKIIppp.kcat,ePP1+CaMKIIp.kcat,-1.0,negative (compensating),0.017889,0.000494
CaMKII_1,ePP1+CaMKIIppp.kcat,ePP1+CaMKIIpp.kcat,-1.0,negative (compensating),0.017889,0.004213
CaMKII_1,ePP1+CaMKIIp.Km,ePP1+CaMKIIppp.Km,-1.0,negative (compensating),0.00026,0.00789
CaMKII_1,ePP1+CaMKIIp.Km,ePP1+CaMKIIp.kcat,-1.0,negative (compensating),0.00026,0.000494
CaMKII_1,ePP1+CaMKIIp.Km,ePP1+CaMKIIpp.kcat,-1.0,negative (compensating),0.00026,0.004213
CaMKII_1,ePP1+CaMKIIppp.Km,ePP1+CaMKIIp.kcat,1.0,positive (redundant),0.00789,0.000494
CaMKII_1,ePP1+CaMKIIppp.Km,ePP1+CaMKIIpp.kcat,1.0,positive (redundant),0.00789,0.004213
CaMKII_1,ePP1+CaMKIIp.kcat,ePP1+CaMKIIpp.kcat,1.0,positive (redundant),0.000494,0.004213
CaMKII_1,eCaMCaMKII+CaMKIIp.Km,eCaMCaMKII+CaMKIIp.kcat,1.0,positive (redundant),0.17844,0.125403
Receptors_PI3K_1,ePTEN+PIP3.kcat,Sosp+Grb2.Kd,1.0,positive (redundant),0.000168,0.000387
Receptors_PI3K_1,ePTEN+PIP3.kcat,Sosp_deph.Kf,-1.0,negative (compensating),0.000168,0.001482
Receptors_PI3K_1,ePTEN+PIP3.kcat,eSHCpGrb2Gab1PI3K+PIP2.kcat,-1.0,negative (compensating),0.000168,0.000797
Receptors_PI3K_1,ePTEN+PIP3.kcat,Sosp+Grb2.tau,-1.0,negative (compensating),0.000168,0.001044
Receptors_PI3K_1,ePTEN+PIP3.kcat,ePI3K_Ras+PIP2.kcat,-1.0,negative (compensating),0.000168,0.000705
Receptors_PI3K_1,ePTEN+PIP3.kcat,Sos+Grb2.tau,-1.0,negative (compensating),0.000168,0.002055
Receptors_PI3K_1,Sosp+Grb2.Kd,Sosp_deph.Kf,-1.0,negative (compensating),0.000387,0.001482
Receptors_PI3K_1,Sosp+Grb2.Kd,eSHCpGrb2Gab1PI3K+PIP2.kcat,-1.0,negative (compensating),0.000387,0.000797
Receptors_PI3K_1,Sosp+Grb2.Kd,Sosp+Grb2.tau,-1.0,negative (compensating),0.000387,0.001044
Receptors_PI3K_1,Sosp+Grb2.Kd,ePI3K_Ras+PIP2.kcat,-1.0,negative (compensating),0.000387,0.000705
Receptors_PI3K_1,Sosp+Grb2.Kd,Sos+Grb2.tau,-1.0,negative (compensating),0.000387,0.002055
Receptors_PI3K_1,SHCpGrb2Gab1+PI3K.Kd,SHCp+Grb2.Kd,1.0,positive (redundant),0.532565,0.456552
Receptors_PI3K_1,SHCp+Grb2.Kd,eSHCpGrb2Gab1PI3K+PIP2.Km,-1.0,negative (compensating),0.456552,0.009033
Receptors_PI3K_1,Sosp_deph.Kf,eSHCpGrb2Gab1PI3K+PIP2.kcat,1.0,positive (redundant),0.001482,0.000797
Receptors_PI3K_1,Sosp_deph.Kf,Sosp+Grb2.tau,1.0,positive (redundant),0.001482,0.001044
Receptors_PI3K_1,Sosp_deph.Kf,ePI3K_Ras+PIP2.kcat,1.0,positive (redundant),0.001482,0.000705
Receptors_PI3K_1,Sosp_deph.Kf,Sos+Grb2.tau,1.0,positive (redundant),0.001482,0.002055
Receptors_PI3K_1,eSHCpGrb2Gab1PI3K+PIP2.kcat,Sosp+Grb2.tau,1.0,positive (redundant),0.000797,0.001044
Receptors_PI3K_1,eSHCpGrb2Gab1PI3K+PIP2.kcat,ePI3K_Ras+PIP2.kcat,1.0,positive (redundant),0.000797,0.000705
Receptors_PI3K_1,eSHCpGrb2Gab1PI3K+PIP2.kcat,Sos+Grb2.tau,1.0,positive (redundant),0.000797,0.002055
Receptors_PI3K_1,Sosp+Grb2.tau,ePI3K_Ras+PIP2.kcat,1.0,positive (redundant),0.001044,0.000705
Receptors_PI3K_1,Sosp+Grb2.tau,Sos+Grb2.tau,1.0,positive (redundant),0.001044,0.002055
Receptors_PI3K_1,ePI3K_Ras+PIP2.kcat,Sos+Grb2.tau,1.0,positive (redundant),0.000705,0.002055
Receptors_PI3K_1,ePI3K_Ras+PIP2.Km,SHCp+Grb2.tau,1.0,positive (redundant),0.001392,0.003282
Receptors_MAPK_3,ecraf1_mGluRbarr2+MEK.Km,ecraf1_mGluRbarr2+MEKp.Km,1.0,positive (redundant),0.061223,0.061262
Receptors_MAPK_3,ePKC+ng_CaM.kcat,ePP2A+b2ARp1barr2crafp.Km,1.0,positive (redundant),0.061459,0.061235
Receptors_MAPK_3,ePKC+b2ARp1barr2_craf.kcat,b2ARp2barr2p_deph.Km,1.0,positive (redundant),0.061241,0.061236
Receptors_MAPK_3,ePKC+b2ARp1barr2_craf.kcat,ePP2A+b2ARp1barr2crafp.Km,1.0,positive (redundant),0.061241,0.061235
Receptors_MAPK_3,ePKC+b2ARp1barr2_craf.kcat,ePP2A+b2ARp1barr2crafp.kcat,1.0,positive (redundant),0.061241,0.061239
Receptors_MAPK_3,ePKC+b2ARp1barr2_craf.kcat,eIntb2ARp1barr2craf+MEK.kcat,1.0,positive (redundant),0.061241,0.061236
Receptors_MAPK_3,ePKC+b2ARp1barr2_craf.kcat,eGRK2+Iso_b2AR.Km,1.0,positive (redundant),0.061241,0.061349
Receptors_MAPK_3,ePKC+b2ARp1barr2_craf.kcat,eGRK5+Epi_b2AR.kcat,1.0,positive (redundant),0.061241,0.061235
Receptors_MAPK_3,ePKC+b2ARp1barr2_craf.kcat,Isob2ARp2_deph.Km,1.0,positive (redundant),0.061241,0.061422
Receptors_MAPK_3,ePKC+b2ARp1barr2_craf.kcat,Isob2ARp1_deph.kcat,1.0,positive (redundant),0.061241,0.061243
Receptors_MAPK_3,ePKC+b2ARp1barr2_craf.kcat,Intb2ARp1_deph.kcat,1.0,positive (redundant),0.061241,0.061239
Receptors_MAPK_3,ePKC+b2ARp1barr2_craf.kcat,eGRK2+Iso_b2AR.kcat,1.0,positive (redundant),0.061241,0.061235
Receptors_MAPK_3,ePKC+b2ARp1barr2_craf.kcat,Isob2ARp1+barr2.tau,1.0,positive (redundant),0.061241,0.061234
Receptors_MAPK_3,b2ARp2barr2p_deph.Km,ePP2A+b2ARp1barr2crafp.Km,1.0,positive (redundant),0.061236,0.061235
Receptors_MAPK_3,b2ARp2barr2p_deph.Km,ePP2A+b2ARp1barr2crafp.kcat,1.0,positive (redundant),0.061236,0.061239
Receptors_MAPK_3,b2ARp2barr2p_deph.Km,eIntb2ARp1barr2craf+MEK.kcat,1.0,positive (redundant),0.061236,0.061236
Receptors_MAPK_3,b2ARp2barr2p_deph.Km,eGRK2+Iso_b2AR.Km,1.0,positive (redundant),0.061236,0.061349
Receptors_MAPK_3,b2ARp2barr2p_deph.Km,eGRK5+Epi_b2AR.kcat,1.0,positive (redundant),0.061236,0.061235
Receptors_MAPK_3,b2ARp2barr2p_deph.Km,Isob2ARp2_deph.Km,1.0,positive (redundant),0.061236,0.061422
Receptors_MAPK_3,b2ARp2barr2p_deph.Km,Isob2ARp1_deph.kcat,1.0,positive (redundant),0.061236,0.061243
Receptors_MAPK_3,b2ARp2barr2p_deph.Km,Intb2ARp1_deph.kcat,1.0,positive (redundant),0.061236,0.061239
Receptors_MAPK_3,b2ARp2barr2p_deph.Km,eGRK2+Iso_b2AR.kcat,1.0,positive (redundant),0.061236,0.061235
Receptors_MAPK_3,b2ARp2barr2p_deph.Km,Isob2ARp1+barr2.tau,1.0,positive (redundant),0.061236,0.061234
Receptors_MAPK_3,ePP2A+b2ARp1barr2crafp.Km,ePP2A+b2ARp1barr2crafp.kcat,1.0,positive (redundant),0.061235,0.061239
Receptors_MAPK_3,ePP2A+b2ARp1barr2crafp.Km,eIntb2ARp1barr2craf+MEK.kcat,1.0,positive (redundant),0.061235,0.061236
Receptors_MAPK_3,ePP2A+b2ARp1barr2crafp.Km,eGRK2+Iso_b2AR.Km,1.0,positive (redundant),0.061235,0.061349
Receptors_MAPK_3,ePP2A+b2ARp1barr2crafp.Km,eGRK5+Epi_b2AR.kcat,1.0,positive (redundant),0.061235,0.061235
Receptors_MAPK_3,ePP2A+b2ARp1barr2crafp.Km,Isob2ARp2_deph.Km,1.0,positive (redundant),0.061235,0.061422
Receptors_MAPK_3,ePP2A+b2ARp1barr2crafp.Km,Isob2ARp1_deph.kcat,1.0,positive (redundant),0.061235,0.061243
Receptors_MAPK_3,ePP2A+b2ARp1barr2crafp.Km,Intb2ARp1_deph.kcat,1.0,positive (redundant),0.061235,0.061239
Receptors_MAPK_3,ePP2A+b2ARp1barr2crafp.Km,eGRK2+Iso_b2AR.kcat,1.0,positive (redundant),0.061235,0.061235
Receptors_MAPK_3,ePP2A+b2ARp1barr2crafp.Km,Isob2ARp1+barr2.tau,1.0,positive (redundant),0.061235,0.061234
Receptors_MAPK_3,ePP2A+b2ARp1barr2crafp.kcat,eIntb2ARp1barr2craf+MEK.kcat,1.0,positive (redundant),0.061239,0.061236
Receptors_MAPK_3,ePP2A+b2ARp1barr2crafp.kcat,eGRK2+Iso_b2AR.Km,1.0,positive (redundant),0.061239,0.061349
Receptors_MAPK_3,ePP2A+b2ARp1barr2crafp.kcat,eGRK5+Epi_b2AR.kcat,1.0,positive (redundant),0.061239,0.061235
Receptors_MAPK_3,ePP2A+b2ARp1barr2crafp.kcat,Isob2ARp2_deph.Km,1.0,positive (redundant),0.061239,0.061422
Receptors_MAPK_3,ePP2A+b2ARp1barr2crafp.kcat,Isob2ARp1_deph.kcat,1.0,positive (redundant),0.061239,0.061243
Receptors_MAPK_3,ePP2A+b2ARp1barr2crafp.kcat,Intb2ARp1_deph.kcat,1.0,positive (redundant),0.061239,0.061239
Receptors_MAPK_3,ePP2A+b2ARp1barr2crafp.kcat,eGRK2+Iso_b2AR.kcat,1.0,positive (redundant),0.061239,0.061235
Receptors_MAPK_3,ePP2A+b2ARp1barr2crafp.kcat,Isob2ARp1+barr2.tau,1.0,positive (redundant),0.061239,0.061234
Receptors_MAPK_3,eIntb2ARp1barr2craf+MEK.kcat,eGRK2+Iso_b2AR.Km,1.0,positive (redundant),0.061236,0.061349
Receptors_MAPK_3,eIntb2ARp1barr2craf+MEK.kcat,eGRK5+Epi_b2AR.kcat,1.0,positive (redundant),0.061236,0.061235
Receptors_MAPK_3,eIntb2ARp1barr2craf+MEK.kcat,Isob2ARp2_deph.Km,1.0,positive (redundant),0.061236,0.061422
Receptors_MAPK_3,eIntb2ARp1barr2craf+MEK.kcat,Isob2ARp1_deph.kcat,1.0,positive (redundant),0.061236,0.061243
Receptors_MAPK_3,eIntb2ARp1barr2craf+MEK.kcat,Intb2ARp1_deph.kcat,1.0,positive (redundant),0.061236,0.061239
Receptors_MAPK_3,eIntb2ARp1barr2craf+MEK.kcat,eGRK2+Iso_b2AR.kcat,1.0,positive (redundant),0.061236,0.061235
Receptors_MAPK_3,eIntb2ARp1barr2craf+MEK.kcat,Isob2ARp1+barr2.tau,1.0,positive (redundant),0.061236,0.061234
Receptors_MAPK_3,eGRK2+Iso_b2AR.Km,eGRK5+Epi_b2AR.kcat,1.0,positive (redundant),0.061349,0.061235
Receptors_MAPK_3,eGRK2+Iso_b2AR.Km,Isob2ARp2_deph.Km,1.0,positive (redundant),0.061349,0.061422
Receptors_MAPK_3,eGRK2+Iso_b2AR.Km,Isob2ARp1_deph.kcat,1.0,positive (redundant),0.061349,0.061243
Receptors_MAPK_3,eGRK2+Iso_b2AR.Km,Intb2ARp1_deph.kcat,1.0,positive (redundant),0.061349,0.061239
Receptors_MAPK_3,eGRK2+Iso_b2AR.Km,eGRK2+Iso_b2AR.kcat,1.0,positive (redundant),0.061349,0.061235
Receptors_MAPK_3,eGRK2+Iso_b2AR.Km,Isob2ARp1+barr2.tau,1.0,positive (redundant),0.061349,0.061234
Receptors_MAPK_3,eGRK5+Epi_b2AR.kcat,Isob2ARp2_deph.Km,1.0,positive (redundant),0.061235,0.061422
Receptors_MAPK_3,eGRK5+Epi_b2AR.kcat,Isob2ARp1_deph.kcat,1.0,positive (redundant),0.061235,0.061243
Receptors_MAPK_3,eGRK5+Epi_b2AR.kcat,Intb2ARp1_deph.kcat,1.0,positive (redundant),0.061235,0.061239
Receptors_MAPK_3,eGRK5+Epi_b2AR.kcat,eGRK2+Iso_b2AR.kcat,1.0,positive (redundant),0.061235,0.061235
Receptors_MAPK_3,eGRK5+Epi_b2AR.kcat,Isob2ARp1+barr2.tau,1.0,positive (redundant),0.061235,0.061234
Receptors_MAPK_3,Isob2ARp2_deph.Km,Isob2ARp1_deph.kcat,1.0,positive (redundant),0.061422,0.061243
Receptors_MAPK_3,Isob2ARp2_deph.Km,Intb2ARp1_deph.kcat,1.0,positive (redundant),0.061422,0.061239
Receptors_MAPK_3,Isob2ARp2_deph.Km,eGRK2+Iso_b2AR.kcat,1.0,positive (redundant),0.061422,0.061235
Receptors_MAPK_3,Isob2ARp2_deph.Km,Isob2ARp1+barr2.tau,1.0,positive (redundant),0.061422,0.061234
Receptors_MAPK_3,Isob2ARp1_deph.kcat,Intb2ARp1_deph.kcat,1.0,positive (redundant),0.061243,0.061239
Receptors_MAPK_3,Isob2ARp1_deph.kcat,eGRK2+Iso_b2AR.kcat,1.0,positive (redundant),0.061243,0.061235
Receptors_MAPK_3,Isob2ARp1_deph.kcat,Isob2ARp1+barr2.tau,1.0,positive (redundant),0.061243,0.061234
Receptors_MAPK_3,Intb2ARp1_deph.kcat,eGRK2+Iso_b2AR.kcat,1.0,positive (redundant),0.061239,0.061235
Receptors_MAPK_3,Intb2ARp1_deph.kcat,Isob2ARp1+barr2.tau,1.0,positive (redundant),0.061239,0.061234
Receptors_MAPK_3,eGRK2+Iso_b2AR.kcat,Isob2ARp1+barr2.tau,1.0,positive (redundant),0.061235,0.061234
Receptors_MAPK_4,Epib2ARp2+barr2.tau,Isob2ARp1+barr2.Kd,1.0,positive (redundant),0.061237,0.061237
Receptors_MAPK_4,Epib2ARp2+barr2.tau,eGRK5+Iso_b2AR.Km,1.0,positive (redundant),0.061237,0.061247
Receptors_MAPK_4,Epib2ARp2+barr2.tau,Epib2ARp1+barr2.tau,1.0,positive (redundant),0.061237,0.06125
Receptors_MAPK_4,Epib2ARp2+barr2.tau,ePKC+b2ARp1barr2_craf.Km,1.0,positive (redundant),0.061237,0.061237
Receptors_MAPK_4,Epib2ARp2+barr2.tau,eIntb2ARp1barr2craf+MEK.Km,1.0,positive (redundant),0.061237,0.061426
Receptors_MAPK_4,Epib2ARp2+barr2.tau,b2ARp1_barr2+Raf.tau,1.0,positive (redundant),0.061237,0.061281
Receptors_MAPK_4,Epib2ARp2+barr2.tau,eGRK5+Epi_b2AR.Km,1.0,positive (redundant),0.061237,0.061238
Receptors_MAPK_4,Epib2ARp2+barr2.tau,Epib2ARp2_deph.Km,1.0,positive (redundant),0.061237,0.061486
Receptors_MAPK_4,Epib2ARp2+barr2.tau,eGRK2+Epi_b2AR.Km,1.0,positive (redundant),0.061237,0.061236
Receptors_MAPK_4,Epib2ARp2+barr2.tau,Isob2ARp2_barr2_internalize.Kf,1.0,positive (redundant),0.061237,0.061236
Receptors_MAPK_4,Epib2ARp2+barr2.tau,Epib2ARp2+barr2.Kd,1.0,positive (redundant),0.061237,0.061487
Receptors_MAPK_4,Epib2ARp2+barr2.tau,eGRK5+Iso_b2AR.kcat,1.0,positive (redundant),0.061237,0.061495
Receptors_MAPK_4,Epib2ARp2+barr2.tau,Isob2ARp2+barr2.Kd,1.0,positive (redundant),0.061237,0.061236
Receptors_MAPK_4,Epib2ARp2+barr2.tau,b2ARp1_barr2+Raf.Kd,1.0,positive (redundant),0.061237,0.061239
Receptors_MAPK_4,Epib2ARp2+barr2.tau,Epib2ARp1_barr2_internalize.Kf,1.0,positive (redundant),0.061237,0.061238
Receptors_MAPK_4,Epib2ARp2+barr2.tau,Epib2ARp2_deph.kcat,1.0,positive (redundant),0.061237,0.06124
Receptors_MAPK_4,Epib2ARp2+barr2.tau,Epib2ARp1+barr2.Kd,1.0,positive (redundant),0.061237,0.061234
Receptors_MAPK_4,Epib2ARp2+barr2.tau,Isob2ARp2_deph.kcat,1.0,positive (redundant),0.061237,0.061238
Receptors_MAPK_4,Epib2ARp2+barr2.tau,Intb2ARp1_deph.Km,1.0,positive (redundant),0.061237,0.061235
Receptors_MAPK_4,Isob2ARp1+barr2.Kd,eGRK5+Iso_b2AR.Km,1.0,positive (redundant),0.061237,0.061247
Receptors_MAPK_4,Isob2ARp1+barr2.Kd,Epib2ARp1+barr2.tau,1.0,positive (redundant),0.061237,0.06125
Receptors_MAPK_4,Isob2ARp1+barr2.Kd,ePKC+b2ARp1barr2_craf.Km,1.0,positive (redundant),0.061237,0.061237
Receptors_MAPK_4,Isob2ARp1+barr2.Kd,eIntb2ARp1barr2craf+MEK.Km,1.0,positive (redundant),0.061237,0.061426
Receptors_MAPK_4,Isob2ARp1+barr2.Kd,b2ARp1_barr2+Raf.tau,1.0,positive (redundant),0.061237,0.061281
Receptors_MAPK_4,Isob2ARp1+barr2.Kd,eGRK5+Epi_b2AR.Km,1.0,positive (redundant),0.061237,0.061238
Receptors_MAPK_4,Isob2ARp1+barr2.Kd,Epib2ARp2_deph.Km,1.0,positive (redundant),0.061237,0.061486
Receptors_MAPK_4,Isob2ARp1+barr2.Kd,eGRK2+Epi_b2AR.Km,1.0,positive (redundant),0.061237,0.061236
Receptors_MAPK_4,Isob2ARp1+barr2.Kd,Isob2ARp2_barr2_internalize.Kf,1.0,positive (redundant),0.061237,0.061236
Receptors_MAPK_4,Isob2ARp1+barr2.Kd,Epib2ARp2+barr2.Kd,1.0,positive (redundant),0.061237,0.061487
Receptors_MAPK_4,Isob2ARp1+barr2.Kd,eGRK5+Iso_b2AR.kcat,1.0,positive (redundant),0.061237,0.061495
Receptors_MAPK_4,Isob2ARp1+barr2.Kd,Isob2ARp2+barr2.Kd,1.0,positive (redundant),0.061237,0.061236
Receptors_MAPK_4,Isob2ARp1+barr2.Kd,b2ARp1_barr2+Raf.Kd,1.0,positive (redundant),0.061237,0.061239
Receptors_MAPK_4,Isob2ARp1+barr2.Kd,Epib2ARp1_barr2_internalize.Kf,1.0,positive (redundant),0.061237,0.061238
Receptors_MAPK_4,Isob2ARp1+barr2.Kd,Epib2ARp2_deph.kcat,1.0,positive (redundant),0.061237,0.06124
Receptors_MAPK_4,Isob2ARp1+barr2.Kd,Epib2ARp1+barr2.Kd,1.0,positive (redundant),0.061237,0.061234
Receptors_MAPK_4,Isob2ARp1+barr2.Kd,Isob2ARp2_deph.kcat,1.0,positive (redundant),0.061237,0.061238
Receptors_MAPK_4,Isob2ARp1+barr2.Kd,Intb2ARp1_deph.Km,1.0,positive (redundant),0.061237,0.061235
Receptors_MAPK_4,eGRK5+Iso_b2AR.Km,Epib2ARp1+barr2.tau,1.0,positive (redundant),0.061247,0.06125
Receptors_MAPK_4,eGRK5+Iso_b2AR.Km,ePKC+b2ARp1barr2_craf.Km,1.0,positive (redundant),0.061247,0.061237
Receptors_MAPK_4,eGRK5+Iso_b2AR.Km,eIntb2ARp1barr2craf+MEK.Km,1.0,positive (redundant),0.061247,0.061426
Receptors_MAPK_4,eGRK5+Iso_b2AR.Km,b2ARp1_barr2+Raf.tau,1.0,positive (redundant),0.061247,0.061281
Receptors_MAPK_4,eGRK5+Iso_b2AR.Km,eGRK5+Epi_b2AR.Km,1.0,positive (redundant),0.061247,0.061238
Receptors_MAPK_4,eGRK5+Iso_b2AR.Km,Epib2ARp2_deph.Km,1.0,positive (redundant),0.061247,0.061486
Receptors_MAPK_4,eGRK5+Iso_b2AR.Km,eGRK2+Epi_b2AR.Km,1.0,positive (redundant),0.061247,0.061236
Receptors_MAPK_4,eGRK5+Iso_b2AR.Km,Isob2ARp2_barr2_internalize.Kf,1.0,positive (redundant),0.061247,0.061236
Receptors_MAPK_4,eGRK5+Iso_b2AR.Km,Epib2ARp2+barr2.Kd,1.0,positive (redundant),0.061247,0.061487
Receptors_MAPK_4,eGRK5+Iso_b2AR.Km,eGRK5+Iso_b2AR.kcat,1.0,positive (redundant),0.061247,0.061495
Receptors_MAPK_4,eGRK5+Iso_b2AR.Km,Isob2ARp2+barr2.Kd,1.0,positive (redundant),0.061247,0.061236
Receptors_MAPK_4,eGRK5+Iso_b2AR.Km,b2ARp1_barr2+Raf.Kd,1.0,positive (redundant),0.061247,0.061239
Receptors_MAPK_4,eGRK5+Iso_b2AR.Km,Epib2ARp1_barr2_internalize.Kf,1.0,positive (redundant),0.061247,0.061238
Receptors_MAPK_4,eGRK5+Iso_b2AR.Km,Epib2ARp2_deph.kcat,1.0,positive (redundant),0.061247,0.06124
Receptors_MAPK_4,eGRK5+Iso_b2AR.Km,Epib2ARp1+barr2.Kd,1.0,positive (redundant),0.061247,0.061234
Receptors_MAPK_4,eGRK5+Iso_b2AR.Km,Isob2ARp2_deph.kcat,1.0,positive (redundant),0.061247,0.061238
Receptors_MAPK_4,eGRK5+Iso_b2AR.Km,Intb2ARp1_deph.Km,1.0,positive (redundant),0.061247,0.061235
Receptors_MAPK_4,Epib2ARp1+barr2.tau,ePKC+b2ARp1barr2_craf.Km,1.0,positive (redundant),0.06125,0.061237
Receptors_MAPK_4,Epib2ARp1+barr2.tau,eIntb2ARp1barr2craf+MEK.Km,1.0,positive (redundant),0.06125,0.061426
Receptors_MAPK_4,Epib2ARp1+barr2.tau,b2ARp1_barr2+Raf.tau,1.0,positive (redundant),0.06125,0.061281
Receptors_MAPK_4,Epib2ARp1+barr2.tau,eGRK5+Epi_b2AR.Km,1.0,positive (redundant),0.06125,0.061238
Receptors_MAPK_4,Epib2ARp1+barr2.tau,Epib2ARp2_deph.Km,1.0,positive (redundant),0.06125,0.061486
Receptors_MAPK_4,Epib2ARp1+barr2.tau,eGRK2+Epi_b2AR.Km,1.0,positive (redundant),0.06125,0.061236
Receptors_MAPK_4,Epib2ARp1+barr2.tau,Isob2ARp2_barr2_internalize.Kf,1.0,positive (redundant),0.06125,0.061236
Receptors_MAPK_4,Epib2ARp1+barr2.tau,Epib2ARp2+barr2.Kd,1.0,positive (redundant),0.06125,0.061487
Receptors_MAPK_4,Epib2ARp1+barr2.tau,eGRK5+Iso_b2AR.kcat,1.0,positive (redundant),0.06125,0.061495
Receptors_MAPK_4,Epib2ARp1+barr2.tau,Isob2ARp2+barr2.Kd,1.0,positive (redundant),0.06125,0.061236
Receptors_MAPK_4,Epib2ARp1+barr2.tau,b2ARp1_barr2+Raf.Kd,1.0,positive (redundant),0.06125,0.061239
Receptors_MAPK_4,Epib2ARp1+barr2.tau,Epib2ARp1_barr2_internalize.Kf,1.0,positive (redundant),0.06125,0.061238
Receptors_MAPK_4,Epib2ARp1+barr2.tau,Epib2ARp2_deph.kcat,1.0,positive (redundant),0.06125,0.06124
Receptors_MAPK_4,Epib2ARp1+barr2.tau,Epib2ARp1+barr2.Kd,1.0,positive (redundant),0.06125,0.061234
Receptors_MAPK_4,Epib2ARp1+barr2.tau,Isob2ARp2_deph.kcat,1.0,positive (redundant),0.06125,0.061238
Receptors_MAPK_4,Epib2ARp1+barr2.tau,Intb2ARp1_deph.Km,1.0,positive (redundant),0.06125,0.061235
Receptors_MAPK_4,ePKC+b2ARp1barr2_craf.Km,eIntb2ARp1barr2craf+MEK.Km,1.0,positive (redundant),0.061237,0.061426
Receptors_MAPK_4,ePKC+b2ARp1barr2_craf.Km,b2ARp1_barr2+Raf.tau,1.0,positive (redundant),0.061237,0.061281
Receptors_MAPK_4,ePKC+b2ARp1barr2_craf.Km,eGRK5+Epi_b2AR.Km,1.0,positive (redundant),0.061237,0.061238
Receptors_MAPK_4,ePKC+b2ARp1barr2_craf.Km,Epib2ARp2_deph.Km,1.0,positive (redundant),0.061237,0.061486
Receptors_MAPK_4,ePKC+b2ARp1barr2_craf.Km,eGRK2+Epi_b2AR.Km,1.0,positive (redundant),0.061237,0.061236
Receptors_MAPK_4,ePKC+b2ARp1barr2_craf.Km,Isob2ARp2_barr2_internalize.Kf,1.0,positive (redundant),0.061237,0.061236
Receptors_MAPK_4,ePKC+b2ARp1barr2_craf.Km,Epib2ARp2+barr2.Kd,1.0,positive (redundant),0.061237,0.061487
Receptors_MAPK_4,ePKC+b2ARp1barr2_craf.Km,eGRK5+Iso_b2AR.kcat,1.0,positive (redundant),0.061237,0.061495
Receptors_MAPK_4,ePKC+b2ARp1barr2_craf.Km,Isob2ARp2+barr2.Kd,1.0,positive (redundant),0.061237,0.061236
Receptors_MAPK_4,ePKC+b2ARp1barr2_craf.Km,b2ARp1_barr2+Raf.Kd,1.0,positive (redundant),0.061237,0.061239
Receptors_MAPK_4,ePKC+b2ARp1barr2_craf.Km,Epib2ARp1_barr2_internalize.Kf,1.0,positive (redundant),0.061237,0.061238
Receptors_MAPK_4,ePKC+b2ARp1barr2_craf.Km,Epib2ARp2_deph.kcat,1.0,positive (redundant),0.061237,0.06124
Receptors_MAPK_4,ePKC+b2ARp1barr2_craf.Km,Epib2ARp1+barr2.Kd,1.0,positive (redundant),0.061237,0.061234
Receptors_MAPK_4,ePKC+b2ARp1barr2_craf.Km,Isob2ARp2_deph.kcat,1.0,positive (redundant),0.061237,0.061238
Receptors_MAPK_4,ePKC+b2ARp1barr2_craf.Km,Intb2ARp1_deph.Km,1.0,positive (redundant),0.061237,0.061235
Receptors_MAPK_4,eIntb2ARp1barr2craf+MEK.Km,b2ARp1_barr2+Raf.tau,1.0,positive (redundant),0.061426,0.061281
Receptors_MAPK_4,eIntb2ARp1barr2craf+MEK.Km,eGRK5+Epi_b2AR.Km,1.0,positive (redundant),0.061426,0.061238
Receptors_MAPK_4,eIntb2ARp1barr2craf+MEK.Km,Epib2ARp2_deph.Km,1.0,positive (redundant),0.061426,0.061486
Receptors_MAPK_4,eIntb2ARp1barr2craf+MEK.Km,eGRK2+Epi_b2AR.Km,1.0,positive (redundant),0.061426,0.061236
Receptors_MAPK_4,eIntb2ARp1barr2craf+MEK.Km,Isob2ARp2_barr2_internalize.Kf,1.0,positive (redundant),0.061426,0.061236
Receptors_MAPK_4,eIntb2ARp1barr2craf+MEK.Km,Epib2ARp2+barr2.Kd,1.0,positive (redundant),0.061426,0.061487
Receptors_MAPK_4,eIntb2ARp1barr2craf+MEK.Km,eGRK5+Iso_b2AR.kcat,1.0,positive (redundant),0.061426,0.061495
Receptors_MAPK_4,eIntb2ARp1barr2craf+MEK.Km,Isob2ARp2+barr2.Kd,1.0,positive (redundant),0.061426,0.061236
Receptors_MAPK_4,eIntb2ARp1barr2craf+MEK.Km,b2ARp1_barr2+Raf.Kd,1.0,positive (redundant),0.061426,0.061239
Receptors_MAPK_4,eIntb2ARp1barr2craf+MEK.Km,Epib2ARp1_barr2_internalize.Kf,1.0,positive (redundant),0.061426,0.061238
Receptors_MAPK_4,eIntb2ARp1barr2craf+MEK.Km,Epib2ARp2_deph.kcat,1.0,positive (redundant),0.061426,0.06124
Receptors_MAPK_4,eIntb2ARp1barr2craf+MEK.Km,Epib2ARp1+barr2.Kd,1.0,positive (redundant),0.061426,0.061234
Receptors_MAPK_4,eIntb2ARp1barr2craf+MEK.Km,Isob2ARp2_deph.kcat,1.0,positive (redundant),0.061426,0.061238
Receptors_MAPK_4,eIntb2ARp1barr2craf+MEK.Km,Intb2ARp1_deph.Km,1.0,positive (redundant),0.061426,0.061235
Receptors_MAPK_4,b2ARp1_barr2+Raf.tau,eGRK5+Epi_b2AR.Km,1.0,positive (redundant),0.061281,0.061238
Receptors_MAPK_4,b2ARp1_barr2+Raf.tau,Epib2ARp2_deph.Km,1.0,positive (redundant),0.061281,0.061486
Receptors_MAPK_4,b2ARp1_barr2+Raf.tau,eGRK2+Epi_b2AR.Km,1.0,positive (redundant),0.061281,0.061236
Receptors_MAPK_4,b2ARp1_barr2+Raf.tau,Isob2ARp2_barr2_internalize.Kf,1.0,positive (redundant),0.061281,0.061236
Receptors_MAPK_4,b2ARp1_barr2+Raf.tau,Epib2ARp2+barr2.Kd,1.0,positive (redundant),0.061281,0.061487
Receptors_MAPK_4,b2ARp1_barr2+Raf.tau,eGRK5+Iso_b2AR.kcat,1.0,positive (redundant),0.061281,0.061495
Receptors_MAPK_4,b2ARp1_barr2+Raf.tau,Isob2ARp2+barr2.Kd,1.0,positive (redundant),0.061281,0.061236
Receptors_MAPK_4,b2ARp1_barr2+Raf.tau,b2ARp1_barr2+Raf.Kd,1.0,positive (redundant),0.061281,0.061239
Receptors_MAPK_4,b2ARp1_barr2+Raf.tau,Epib2ARp1_barr2_internalize.Kf,1.0,positive (redundant),0.061281,0.061238
Receptors_MAPK_4,b2ARp1_barr2+Raf.tau,Epib2ARp2_deph.kcat,1.0,positive (redundant),0.061281,0.06124
Receptors_MAPK_4,b2ARp1_barr2+Raf.tau,Epib2ARp1+barr2.Kd,1.0,positive (redundant),0.061281,0.061234
Receptors_MAPK_4,b2ARp1_barr2+Raf.tau,Isob2ARp2_deph.kcat,1.0,positive (redundant),0.061281,0.061238
Receptors_MAPK_4,b2ARp1_barr2+Raf.tau,Intb2ARp1_deph.Km,1.0,positive (redundant),0.061281,0.061235
Receptors_MAPK_4,eGRK5+Epi_b2AR.Km,Epib2ARp2_deph.Km,1.0,positive (redundant),0.061238,0.061486
Receptors_MAPK_4,eGRK5+Epi_b2AR.Km,eGRK2+Epi_b2AR.Km,1.0,positive (redundant),0.061238,0.061236
Receptors_MAPK_4,eGRK5+Epi_b2AR.Km,Isob2ARp2_barr2_internalize.Kf,1.0,positive (redundant),0.061238,0.061236
Receptors_MAPK_4,eGRK5+Epi_b2AR.Km,Epib2ARp2+barr2.Kd,1.0,positive (redundant),0.061238,0.061487
Receptors_MAPK_4,eGRK5+Epi_b2AR.Km,eGRK5+Iso_b2AR.kcat,1.0,positive (redundant),0.061238,0.061495
Receptors_MAPK_4,eGRK5+Epi_b2AR.Km,Isob2ARp2+barr2.Kd,1.0,positive (redundant),0.061238,0.061236
Receptors_MAPK_4,eGRK5+Epi_b2AR.Km,b2ARp1_barr2+Raf.Kd,1.0,positive (redundant),0.061238,0.061239
Receptors_MAPK_4,eGRK5+Epi_b2AR.Km,Epib2ARp1_barr2_internalize.Kf,1.0,positive (redundant),0.061238,0.061238
Receptors_MAPK_4,eGRK5+Epi_b2AR.Km,Epib2ARp2_deph.kcat,1.0,positive (redundant),0.061238,0.06124
Receptors_MAPK_4,eGRK5+Epi_b2AR.Km,Epib2ARp1+barr2.Kd,1.0,positive (redundant),0.061238,0.061234
Receptors_MAPK_4,eGRK5+Epi_b2AR.Km,Isob2ARp2_deph.kcat,1.0,positive (redundant),0.061238,0.061238
Receptors_MAPK_4,eGRK5+Epi_b2AR.Km,Intb2ARp1_deph.Km,1.0,positive (redundant),0.061238,0.061235
Receptors_MAPK_4,Epib2ARp2_deph.Km,eGRK2+Epi_b2AR.Km,1.0,positive (redundant),0.061486,0.061236
Receptors_MAPK_4,Epib2ARp2_deph.Km,Isob2ARp2_barr2_internalize.Kf,1.0,positive (redundant),0.061486,0.061236
Receptors_MAPK_4,Epib2ARp2_deph.Km,Epib2ARp2+barr2.Kd,1.0,positive (redundant),0.061486,0.061487
Receptors_MAPK_4,Epib2ARp2_deph.Km,eGRK5+Iso_b2AR.kcat,1.0,positive (redundant),0.061486,0.061495
Receptors_MAPK_4,Epib2ARp2_deph.Km,Isob2ARp2+barr2.Kd,1.0,positive (redundant),0.061486,0.061236
Receptors_MAPK_4,Epib2ARp2_deph.Km,b2ARp1_barr2+Raf.Kd,1.0,positive (redundant),0.061486,0.061239
Receptors_MAPK_4,Epib2ARp2_deph.Km,Epib2ARp1_barr2_internalize.Kf,1.0,positive (redundant),0.061486,0.061238
Receptors_MAPK_4,Epib2ARp2_deph.Km,Epib2ARp2_deph.kcat,1.0,positive (redundant),0.061486,0.06124
Receptors_MAPK_4,Epib2ARp2_deph.Km,Epib2ARp1+barr2.Kd,1.0,positive (redundant),0.061486,0.061234
Receptors_MAPK_4,Epib2ARp2_deph.Km,Isob2ARp2_deph.kcat,1.0,positive (redundant),0.061486,0.061238
Receptors_MAPK_4,Epib2ARp2_deph.Km,Intb2ARp1_deph.Km,1.0,positive (redundant),0.061486,0.061235
Receptors_MAPK_4,eGRK2+Epi_b2AR.Km,Isob2ARp2_barr2_internalize.Kf,1.0,positive (redundant),0.061236,0.061236
Receptors_MAPK_4,eGRK2+Epi_b2AR.Km,Epib2ARp2+barr2.Kd,1.0,positive (redundant),0.061236,0.061487
Receptors_MAPK_4,eGRK2+Epi_b2AR.Km,eGRK5+Iso_b2AR.kcat,1.0,positive (redundant),0.061236,0.061495
Receptors_MAPK_4,eGRK2+Epi_b2AR.Km,Isob2ARp2+barr2.Kd,1.0,positive (redundant),0.061236,0.061236
Receptors_MAPK_4,eGRK2+Epi_b2AR.Km,b2ARp1_barr2+Raf.Kd,1.0,positive (redundant),0.061236,0.061239
Receptors_MAPK_4,eGRK2+Epi_b2AR.Km,Epib2ARp1_barr2_internalize.Kf,1.0,positive (redundant),0.061236,0.061238
Receptors_MAPK_4,eGRK2+Epi_b2AR.Km,Epib2ARp2_deph.kcat,1.0,positive (redundant),0.061236,0.06124
Receptors_MAPK_4,eGRK2+Epi_b2AR.Km,Epib2ARp1+barr2.Kd,1.0,positive (redundant),0.061236,0.061234
Receptors_MAPK_4,eGRK2+Epi_b2AR.Km,Isob2ARp2_deph.kcat,1.0,positive (redundant),0.061236,0.061238
Receptors_MAPK_4,eGRK2+Epi_b2AR.Km,Intb2ARp1_deph.Km,1.0,positive (redundant),0.061236,0.061235
Receptors_MAPK_4,Isob2ARp2_barr2_internalize.Kf,Epib2ARp2+barr2.Kd,1.0,positive (redundant),0.061236,0.061487
Receptors_MAPK_4,Isob2ARp2_barr2_internalize.Kf,eGRK5+Iso_b2AR.kcat,1.0,positive (redundant),0.061236,0.061495
Receptors_MAPK_4,Isob2ARp2_barr2_internalize.Kf,Isob2ARp2+barr2.Kd,1.0,positive (redundant),0.061236,0.061236
Receptors_MAPK_4,Isob2ARp2_barr2_internalize.Kf,b2ARp1_barr2+Raf.Kd,1.0,positive (redundant),0.061236,0.061239
Receptors_MAPK_4,Isob2ARp2_barr2_internalize.Kf,Epib2ARp1_barr2_internalize.Kf,1.0,positive (redundant),0.061236,0.061238
Receptors_MAPK_4,Isob2ARp2_barr2_internalize.Kf,Epib2ARp2_deph.kcat,1.0,positive (redundant),0.061236,0.06124
Receptors_MAPK_4,Isob2ARp2_barr2_internalize.Kf,Epib2ARp1+barr2.Kd,1.0,positive (redundant),0.061236,0.061234
Receptors_MAPK_4,Isob2ARp2_barr2_internalize.Kf,Isob2ARp2_deph.kcat,1.0,positive (redundant),0.061236,0.061238
Receptors_MAPK_4,Isob2ARp2_barr2_internalize.Kf,Intb2ARp1_deph.Km,1.0,positive (redundant),0.061236,0.061235
Receptors_MAPK_4,Epib2ARp2+barr2.Kd,eGRK5+Iso_b2AR.kcat,1.0,positive (redundant),0.061487,0.061495
Receptors_MAPK_4,Epib2ARp2+barr2.Kd,Isob2ARp2+barr2.Kd,1.0,positive (redundant),0.061487,0.061236
Receptors_MAPK_4,Epib2ARp2+barr2.Kd,b2ARp1_barr2+Raf.Kd,1.0,positive (redundant),0.061487,0.061239
Receptors_MAPK_4,Epib2ARp2+barr2.Kd,Epib2ARp1_barr2_internalize.Kf,1.0,positive (redundant),0.061487,0.061238
Receptors_MAPK_4,Epib2ARp2+barr2.Kd,Epib2ARp2_deph.kcat,1.0,positive (redundant),0.061487,0.06124
Receptors_MAPK_4,Epib2ARp2+barr2.Kd,Epib2ARp1+barr2.Kd,1.0,positive (redundant),0.061487,0.061234
Receptors_MAPK_4,Epib2ARp2+barr2.Kd,Isob2ARp2_deph.kcat,1.0,positive (redundant),0.061487,0.061238
Receptors_MAPK_4,Epib2ARp2+barr2.Kd,Intb2ARp1_deph.Km,1.0,positive (redundant),0.061487,0.061235
Receptors_MAPK_4,eGRK5+Iso_b2AR.kcat,Isob2ARp2+barr2.Kd,1.0,positive (redundant),0.061495,0.061236
Receptors_MAPK_4,eGRK5+Iso_b2AR.kcat,b2ARp1_barr2+Raf.Kd,1.0,positive (redundant),0.061495,0.061239
Receptors_MAPK_4,eGRK5+Iso_b2AR.kcat,Epib2ARp1_barr2_internalize.Kf,1.0,positive (redundant),0.061495,0.061238
Receptors_MAPK_4,eGRK5+Iso_b2AR.kcat,Epib2ARp2_deph.kcat,1.0,positive (redundant),0.061495,0.06124
Receptors_MAPK_4,eGRK5+Iso_b2AR.kcat,Epib2ARp1+barr2.Kd,1.0,positive (redundant),0.061495,0.061234
Receptors_MAPK_4,eGRK5+Iso_b2AR.kcat,Isob2ARp2_deph.kcat,1.0,positive (redundant),0.061495,0.061238
Receptors_MAPK_4,eGRK5+Iso_b2AR.kcat,Intb2ARp1_deph.Km,1.0,positive (redundant),0.061495,0.061235
Receptors_MAPK_4,Isob2ARp2+barr2.Kd,b2ARp1_barr2+Raf.Kd,1.0,positive (redundant),0.061236,0.061239
Receptors_MAPK_4,Isob2ARp2+barr2.Kd,Epib2ARp1_barr2_internalize.Kf,1.0,positive (redundant),0.061236,0.061238
Receptors_MAPK_4,Isob2ARp2+barr2.Kd,Epib2ARp2_deph.kcat,1.0,positive (redundant),0.061236,0.06124
Receptors_MAPK_4,Isob2ARp2+barr2.Kd,Epib2ARp1+barr2.Kd,1.0,positive (redundant),0.061236,0.061234
Receptors_MAPK_4,Isob2ARp2+barr2.Kd,Isob2ARp2_deph.kcat,1.0,positive (redundant),0.061236,0.061238
Receptors_MAPK_4,Isob2ARp2+barr2.Kd,Intb2ARp1_deph.Km,1.0,positive (redundant),0.061236,0.061235
Receptors_MAPK_4,b2ARp1_barr2+Raf.Kd,Epib2ARp1_barr2_internalize.Kf,1.0,positive (redundant),0.061239,0.061238
Receptors_MAPK_4,b2ARp1_barr2+Raf.Kd,Epib2ARp2_deph.kcat,1.0,positive (redundant),0.061239,0.06124
Receptors_MAPK_4,b2ARp1_barr2+Raf.Kd,Epib2ARp1+barr2.Kd,1.0,positive (redundant),0.061239,0.061234
Receptors_MAPK_4,b2ARp1_barr2+Raf.Kd,Isob2ARp2_deph.kcat,1.0,positive (redundant),0.061239,0.061238
Receptors_MAPK_4,b2ARp1_barr2+Raf.Kd,Intb2ARp1_deph.Km,1.0,positive (redundant),0.061239,0.061235
Receptors_MAPK_4,Epib2ARp1_barr2_internalize.Kf,Epib2ARp2_deph.kcat,1.0,positive (redundant),0.061238,0.06124
Receptors_MAPK_4,Epib2ARp1_barr2_internalize.Kf,Epib2ARp1+barr2.Kd,1.0,positive (redundant),0.061238,0.061234
Receptors_MAPK_4,Epib2ARp1_barr2_internalize.Kf,Isob2ARp2_deph.kcat,1.0,positive (redundant),0.061238,0.061238
Receptors_MAPK_4,Epib2ARp1_barr2_internalize.Kf,Intb2ARp1_deph.Km,1.0,positive (redundant),0.061238,0.061235
Receptors_MAPK_4,Epib2ARp2_deph.kcat,Epib2ARp1+barr2.Kd,1.0,positive (redundant),0.06124,0.061234
Receptors_MAPK_4,Epib2ARp2_deph.kcat,Isob2ARp2_deph.kcat,1.0,positive (redundant),0.06124,0.061238
Receptors_MAPK_4,Epib2ARp2_deph.kcat,Intb2ARp1_deph.Km,1.0,positive (redundant),0.06124,0.061235
Receptors_MAPK_4,Epib2ARp1+barr2.Kd,Isob2ARp2_deph.kcat,1.0,positive (redundant),0.061234,0.061238
Receptors_MAPK_4,Epib2ARp1+barr2.Kd,Intb2ARp1_deph.Km,1.0,positive (redundant),0.061234,0.061235
Receptors_MAPK_4,Isob2ARp2_deph.kcat,Intb2ARp1_deph.Km,1.0,positive (redundant),0.061238,0.061235
Receptors_MAPK_5,Epib2ARp1_deph.kcat,Isob2ARp2+barr2.tau,1.0,positive (redundant),0.061235,0.061236
Receptors_MAPK_5,Epib2ARp1_deph.kcat,Epib2ARp2_barr2_internalize.Kf,1.0,positive (redundant),0.061235,0.061459
Receptors_MAPK_5,Epib2ARp1_deph.kcat,b2ARp1barr2craf_dissoc.Kf,1.0,positive (redundant),0.061235,0.061535
Receptors_MAPK_5,Epib2ARp1_deph.kcat,Isob2ARp1_barr2_internalize.Kf,1.0,positive (redundant),0.061235,0.061253
Receptors_MAPK_5,Epib2ARp1_deph.kcat,b2ARp2barr2p_dissoc.Kf,1.0,positive (redundant),0.061235,0.06129
Receptors_MAPK_5,Epib2ARp1_deph.kcat,eIntb2ARp1barr2craf+MEKp.kcat,1.0,positive (redundant),0.061235,0.061237
Receptors_MAPK_5,Epib2ARp1_deph.kcat,eIntb2ARp1barr2craf+MEKp.Km,1.0,positive (redundant),0.061235,0.061237
Receptors_MAPK_5,Epib2ARp1_deph.kcat,b2ARp2barr2p_deph.kcat,1.0,positive (redundant),0.061235,0.061421
Receptors_MAPK_5,Epib2ARp1_deph.kcat,ePKC+ng_CaM.Km,1.0,positive (redundant),0.061235,0.061398
Receptors_MAPK_5,Isob2ARp2+barr2.tau,Epib2ARp2_barr2_internalize.Kf,1.0,positive (redundant),0.061236,0.061459
Receptors_MAPK_5,Isob2ARp2+barr2.tau,b2ARp1barr2craf_dissoc.Kf,1.0,positive (redundant),0.061236,0.061535
Receptors_MAPK_5,Isob2ARp2+barr2.tau,Isob2ARp1_barr2_internalize.Kf,1.0,positive (redundant),0.061236,0.061253
Receptors_MAPK_5,Isob2ARp2+barr2.tau,b2ARp2barr2p_dissoc.Kf,1.0,positive (redundant),0.061236,0.06129
Receptors_MAPK_5,Isob2ARp2+barr2.tau,eIntb2ARp1barr2craf+MEKp.kcat,1.0,positive (redundant),0.061236,0.061237
Receptors_MAPK_5,Isob2ARp2+barr2.tau,eIntb2ARp1barr2craf+MEKp.Km,1.0,positive (redundant),0.061236,0.061237
Receptors_MAPK_5,Isob2ARp2+barr2.tau,b2ARp2barr2p_deph.kcat,1.0,positive (redundant),0.061236,0.061421
Receptors_MAPK_5,Isob2ARp2+barr2.tau,ePKC+ng_CaM.Km,1.0,positive (redundant),0.061236,0.061398
Receptors_MAPK_5,Epib2ARp2_barr2_internalize.Kf,b2ARp1barr2craf_dissoc.Kf,1.0,positive (redundant),0.061459,0.061535
Receptors_MAPK_5,Epib2ARp2_barr2_internalize.Kf,Isob2ARp1_barr2_internalize.Kf,1.0,positive (redundant),0.061459,0.061253
Receptors_MAPK_5,Epib2ARp2_barr2_internalize.Kf,b2ARp2barr2p_dissoc.Kf,1.0,positive (redundant),0.061459,0.06129
Receptors_MAPK_5,Epib2ARp2_barr2_internalize.Kf,eIntb2ARp1barr2craf+MEKp.kcat,1.0,positive (redundant),0.061459,0.061237
Receptors_MAPK_5,Epib2ARp2_barr2_internalize.Kf,eIntb2ARp1barr2craf+MEKp.Km,1.0,positive (redundant),0.061459,0.061237
Receptors_MAPK_5,Epib2ARp2_barr2_internalize.Kf,b2ARp2barr2p_deph.kcat,1.0,positive (redundant),0.061459,0.061421
Receptors_MAPK_5,Epib2ARp2_barr2_internalize.Kf,ePKC+ng_CaM.Km,1.0,positive (redundant),0.061459,0.061398
Receptors_MAPK_5,b2ARp1barr2craf_dissoc.Kf,Isob2ARp1_barr2_internalize.Kf,1.0,positive (redundant),0.061535,0.061253
Receptors_MAPK_5,b2ARp1barr2craf_dissoc.Kf,b2ARp2barr2p_dissoc.Kf,1.0,positive (redundant),0.061535,0.06129
Receptors_MAPK_5,b2ARp1barr2craf_dissoc.Kf,eIntb2ARp1barr2craf+MEKp.kcat,1.0,positive (redundant),0.061535,0.061237
Receptors_MAPK_5,b2ARp1barr2craf_dissoc.Kf,eIntb2ARp1barr2craf+MEKp.Km,1.0,positive (redundant),0.061535,0.061237
Receptors_MAPK_5,b2ARp1barr2craf_dissoc.Kf,b2ARp2barr2p_deph.kcat,1.0,positive (redundant),0.061535,0.061421
Receptors_MAPK_5,b2ARp1barr2craf_dissoc.Kf,ePKC+ng_CaM.Km,1.0,positive (redundant),0.061535,0.061398
Receptors_MAPK_5,Isob2ARp1_barr2_internalize.Kf,b2ARp2barr2p_dissoc.Kf,1.0,positive (redundant),0.061253,0.06129
Receptors_MAPK_5,Isob2ARp1_barr2_internalize.Kf,eIntb2ARp1barr2craf+MEKp.kcat,1.0,positive (redundant),0.061253,0.061237
Receptors_MAPK_5,Isob2ARp1_barr2_internalize.Kf,eIntb2ARp1barr2craf+MEKp.Km,1.0,positive (redundant),0.061253,0.061237
Receptors_MAPK_5,Isob2ARp1_barr2_internalize.Kf,b2ARp2barr2p_deph.kcat,1.0,positive (redundant),0.061253,0.061421
Receptors_MAPK_5,Isob2ARp1_barr2_internalize.Kf,ePKC+ng_CaM.Km,1.0,positive (redundant),0.061253,0.061398
Receptors_MAPK_5,b2ARp2barr2p_dissoc.Kf,eIntb2ARp1barr2craf+MEKp.kcat,1.0,positive (redundant),0.06129,0.061237
Receptors_MAPK_5,b2ARp2barr2p_dissoc.Kf,eIntb2ARp1barr2craf+MEKp.Km,1.0,positive (redundant),0.06129,0.061237
Receptors_MAPK_5,b2ARp2barr2p_dissoc.Kf,b2ARp2barr2p_deph.kcat,1.0,positive (redundant),0.06129,0.061421
Receptors_MAPK_5,b2ARp2barr2p_dissoc.Kf,ePKC+ng_CaM.Km,1.0,positive (redundant),0.06129,0.061398
Receptors_MAPK_5,eIntb2ARp1barr2craf+MEKp.kcat,eIntb2ARp1barr2craf+MEKp.Km,1.0,positive (redundant),0.061237,0.061237
Receptors_MAPK_5,eIntb2ARp1barr2craf+MEKp.kcat,b2ARp2barr2p_deph.kcat,1.0,positive (redundant),0.061237,0.061421
Receptors_MAPK_5,eIntb2ARp1barr2craf+MEKp.kcat,ePKC+ng_CaM.Km,1.0,positive (redundant),0.061237,0.061398
Receptors_MAPK_5,eIntb2ARp1barr2craf+MEKp.Km,b2ARp2barr2p_deph.kcat,1.0,positive (redundant),0.061237,0.061421
Receptors_MAPK_5,eIntb2ARp1barr2craf+MEKp.Km,ePKC+ng_CaM.Km,1.0,positive (redundant),0.061237,0.061398
Receptors_MAPK_5,b2ARp2barr2p_deph.kcat,ePKC+ng_CaM.Km,1.0,positive (redundant),0.061421,0.061398
Receptors_MAPK_5,ePKC+ng_CaM.Km,ngp_deph.Kf,1.0,positive (redundant),0.061398,0.061517
Receptors_mTOR_S6K,eAKT+TSC1_2.Km,eAKT+TSC1_2.kcat,1.0,positive (redundant),0.028098,0.006288
Receptors_mTOR_S6K,eAKT+TSC1_2.Km,TSC1_2_deph.Kf,1.0,positive (redundant),0.028098,0.028331
Receptors_mTOR_S6K,eAKT+TSC1_2.kcat,TSC1_2_deph.Kf,1.0,positive (redundant),0.006288,0.028331
4EBP,eIF4E+4EBP.Kd,eIF4E+4EBP.tau,1.0,positive (redundant),0.49236,0.364936
CaMKIII,eS6Kpqrs+CaMKIII.Km,eS6Kpqrs+CaMKIII.kcat,-1.0,negative (compensating),0.179523,0.001637
43S,Q+R.tau,QR+M.tau,1.0,positive (redundant),0.00074,0.004297
Receptors_protein,eTrans+AA.Km,activation.Kd,1.0,positive (redundant),0.115836,0.115389
NMDAR,Glu+NMDAR.Kd,Glu+NMDAR.tau,0.9999,positive (redundant),0.175698,0.016007
NMDAR,Glu+NMDAR.Kd,NMDAR_inact.Kf,0.9999,positive (redundant),0.175698,0.019183
Glu_mGluR_1,ePKA+GluR.Km,RpS870Glu+Gq.Kd,0.9999,positive (redundant),0.006724,0.011106
Glu_mGluR_1,ePP2A+LRpS870G.Km,RpS870Glu+Gq.Kd,0.9999,positive (redundant),0.029199,0.011106
DHPG_mGluR_1,RpS870+DHPG.Kd,ePP2A+DHPGRpS870.kcat,-0.9999,negative (compensating),0.002688,0.00337
DHPG_mGluR_1,RpS870DHPG+Gq.Kd,ePP2A+DHPGRpS870.kcat,-0.9999,negative (compensating),0.003299,0.00337
DHPG_mGluR_1,RpS870DHPG+Gq.tau,ePP2A+DHPGRpS870.kcat,-0.9999,negative (compensating),0.001982,0.00337
DHPG_mGluR_1,RpS870Gq+DHPG.Kd,ePP2A+DHPGRpS870.kcat,-0.9999,negative (compensating),0.001391,0.00337
DHPG_mGluR_1,DHPGRpS870G_act.Kf,ePP2A+DHPGRpS870.kcat,-0.9999,negative (compensating),0.001352,0.00337
DHPG_mGluR_1,ePP2A+DHPGRpS870.kcat,ePP2A+DHPGRpS870G.Km,0.9999,positive (redundant),0.00337,0.000148
b2AR,Iso+b2AR.tau,Iso_act_Gs.Kf,-0.9999,negative (compensating),0.000324,0.052374
barr2,GRK2+bg.tau,DHPGRpT840+barr2.tau,0.9999,positive (redundant),0.011052,0.000528
barr2,eGRK2+DHPG_mGluR5.Km,eGRK2+DHPG_mGluR5.kcat,0.9999,positive (redundant),0.003342,0.000517
barr2,eGRK2+DHPG_mGluR5.Km,DHPGRpT840+barr2.Kd,0.9999,positive (redundant),0.003342,0.004989
barr2,eGRK2+DHPG_mGluR5.Km,DHPGRpT840_barr2_internalize.Kf,-0.9999,negative (compensating),0.003342,0.003012
barr2,eGRK2+DHPG_mGluR5.kcat,LRpT840+barr2.tau,0.9999,positive (redundant),0.000517,0.003663
barr2,eGRK2+DHPG_mGluR5.kcat,DHPGRpT840+barr2.tau,0.9999,positive (redundant),0.000517,0.000528
HomerPIKE_1,PIKE+Glu_mGluR_Homer.Kd,PI3K+Glu_mGluR_HomerPIKE.Kd,0.9999,positive (redundant),0.203451,0.205466
TrKs_PLCg,ebPLCg+PLCg.Km,ebPLCg+PLCg.kcat,-0.9999,negative (compensating),0.000836,0.001055
mGluR_PLCb,PLC_Ca+Gq.tau,PLCb+Ca.tau,-0.9999,negative (compensating),0.01056,0.023814
mGluR_PLCb,PLC_Ca+Gq.tau,Degrade_DAG.Kf,0.9999,positive (redundant),0.01056,0.005846
PLA2_2,ePLA2PIP2+APC.Km,PIP2_PLA2_act.Kd,0.9999,positive (redundant),0.213319,0.122181
CaMKII_1,eCaMKIIp+CaMKIIp.Km,ePP1+CaMKIIpppc.Km,0.9999,positive (redundant),0.076522,0.319857
CaMKII_1,eCaMKIIp+CaMKIIp.Km,ePP1+CaMKIIpp.Km,0.9999,positive (redundant),0.076522,0.142138
CaMKII_1,eCaMKIIp+CaMKIIp.Km,ePP1+CaMKIIpppc.kcat,0.9999,positive (redundant),0.076522,0.01039
CaMKII_1,eCaMKIIp+CaMKIIp.Km,ePP1+CaMKIIppp.kcat,0.9999,positive (redundant),0.076522,0.017889
CaMKII_1,eCaMKIIp+CaMKIIp.Km,ePP1+CaMKIIp.Km,0.9999,positive (redundant),0.076522,0.00026
CaMKII_1,eCaMKIIp+CaMKIIp.Km,ePP1+CaMKIIppp.Km,-0.9999,negative (compensating),0.076522,0.00789
CaMKII_1,eCaMKIIp+CaMKIIp.Km,ePP1+CaMKIIp.kcat,-0.9999,negative (compensating),0.076522,0.000494
CaMKII_1,eCaMKIIp+CaMKIIp.Km,ePP1+CaMKIIpp.kcat,-0.9999,negative (compensating),0.076522,0.004213
Receptors_Ras_1,bg+GEF.tau,CaMCa2+CaN.tau,0.9999,positive (redundant),0.001942,0.00104
Receptors_Ras_2,CaMCa4+CaN.tau,CaMCa2+CaN.Kd,0.9999,positive (redundant),0.002172,0.001596
Receptors_PI3K_1,ePTEN+PIP3.kcat,ebPI3K+PIP2.kcat,-0.9999,negative (compensating),0.000168,0.001431
Receptors_PI3K_1,Sosp+Grb2.Kd,ebPI3K+PIP2.kcat,-0.9999,negative (compensating),0.000387,0.001431
Receptors_PI3K_1,SHCpGrb2Gab1+PI3K.Kd,eSHCpGrb2Gab1PI3K+PIP2.Km,-0.9999,negative (compensating),0.532565,0.009033
Receptors_PI3K_1,ebPI3K+PIP2.kcat,Sosp_deph.Kf,0.9999,positive (redundant),0.001431,0.001482
Receptors_PI3K_1,ebPI3K+PIP2.kcat,eSHCpGrb2Gab1PI3K+PIP2.kcat,0.9999,positive (redundant),0.001431,0.000797
Receptors_PI3K_1,ebPI3K+PIP2.kcat,Sosp+Grb2.tau,0.9999,positive (redundant),0.001431,0.001044
Receptors_PI3K_1,ebPI3K+PIP2.kcat,ePI3K_Ras+PIP2.kcat,0.9999,positive (redundant),0.001431,0.000705
Receptors_PI3K_1,ebPI3K+PIP2.kcat,Sos+Grb2.tau,0.9999,positive (redundant),0.001431,0.002055
Receptors_PI3K_1,PI3K+RasGTP.tau,SHCp+Grb2.tau,0.9999,positive (redundant),0.003345,0.003282
PKC,PKC_DAG_AA_act.Kd,PKC_DAG+AA.Kd,0.9999,positive (redundant),0.25213,0.23934
Receptors_MAPK_3,mGluR_barr2+Raf.tau,ePKC+ng_CaM.kcat,0.9999,positive (redundant),0.061383,0.061459
Receptors_MAPK_3,mGluR_barr2+Raf.tau,ePKC+b2ARp1barr2_craf.kcat,0.9999,positive (redundant),0.061383,0.061241
Receptors_MAPK_3,mGluR_barr2+Raf.tau,b2ARp2barr2p_deph.Km,0.9999,positive (redundant),0.061383,0.061236
Receptors_MAPK_3,mGluR_barr2+Raf.tau,ePP2A+b2ARp1barr2crafp.Km,0.9999,positive (redundant),0.061383,0.061235
Receptors_MAPK_3,mGluR_barr2+Raf.tau,ePP2A+b2ARp1barr2crafp.kcat,0.9999,positive (redundant),0.061383,0.061239
Receptors_MAPK_3,mGluR_barr2+Raf.tau,eIntb2ARp1barr2craf+MEK.kcat,0.9999,positive (redundant),0.061383,0.061236
Receptors_MAPK_3,mGluR_barr2+Raf.tau,eGRK2+Iso_b2AR.Km,0.9999,positive (redundant),0.061383,0.061349
Receptors_MAPK_3,mGluR_barr2+Raf.tau,eGRK5+Epi_b2AR.kcat,0.9999,positive (redundant),0.061383,0.061235
Receptors_MAPK_3,mGluR_barr2+Raf.tau,Isob2ARp2_deph.Km,0.9999,positive (redundant),0.061383,0.061422
Receptors_MAPK_3,mGluR_barr2+Raf.tau,Isob2ARp1_deph.kcat,0.9999,positive (redundant),0.061383,0.061243
Receptors_MAPK_3,mGluR_barr2+Raf.tau,Intb2ARp1_deph.kcat,0.9999,positive (redundant),0.061383,0.061239
Receptors_MAPK_3,mGluR_barr2+Raf.tau,eGRK2+Iso_b2AR.kcat,0.9999,positive (redundant),0.061383,0.061235
Receptors_MAPK_3,mGluR_barr2+Raf.tau,Isob2ARp1+barr2.tau,0.9999,positive (redundant),0.061383,0.061234
Receptors_MAPK_3,ePKC+ng_CaM.kcat,ePKC+b2ARp1barr2_craf.kcat,0.9999,positive (redundant),0.061459,0.061241
Receptors_MAPK_3,ePKC+ng_CaM.kcat,b2ARp2barr2p_deph.Km,0.9999,positive (redundant),0.061459,0.061236
Receptors_MAPK_3,ePKC+ng_CaM.kcat,ePP2A+b2ARp1barr2crafp.kcat,0.9999,positive (redundant),0.061459,0.061239
Receptors_MAPK_3,ePKC+ng_CaM.kcat,eIntb2ARp1barr2craf+MEK.kcat,0.9999,positive (redundant),0.061459,0.061236
Receptors_MAPK_3,ePKC+ng_CaM.kcat,eGRK2+Iso_b2AR.Km,0.9999,positive (redundant),0.061459,0.061349
Receptors_MAPK_3,ePKC+ng_CaM.kcat,eGRK5+Epi_b2AR.kcat,0.9999,positive (redundant),0.061459,0.061235
Receptors_MAPK_3,ePKC+ng_CaM.kcat,Isob2ARp2_deph.Km,0.9999,positive (redundant),0.061459,0.061422
Receptors_MAPK_3,ePKC+ng_CaM.kcat,Isob2ARp1_deph.kcat,0.9999,positive (redundant),0.061459,0.061243
Receptors_MAPK_3,ePKC+ng_CaM.kcat,Intb2ARp1_deph.kcat,0.9999,positive (redundant),0.061459,0.061239
Receptors_MAPK_3,ePKC+ng_CaM.kcat,eGRK2+Iso_b2AR.kcat,0.9999,positive (redundant),0.061459,0.061235
Receptors_MAPK_3,ePKC+ng_CaM.kcat,Isob2ARp1+barr2.tau,0.9999,positive (redundant),0.061459,0.061234
Receptors_MAPK_5,Epib2ARp1_deph.kcat,ngp_deph.Kf,0.9999,positive (redundant),0.061235,0.061517
Receptors_MAPK_5,Isob2ARp2+barr2.tau,ngp_deph.Kf,0.9999,positive (redundant),0.061236,0.061517
Receptors_MAPK_5,Epib2ARp2_barr2_internalize.Kf,ngp_deph.Kf,0.9999,positive (redundant),0.061459,0.061517
Receptors_MAPK_5,b2ARp1barr2craf_dissoc.Kf,ngp_deph.Kf,0.9999,positive (redundant),0.061535,0.061517
Receptors_MAPK_5,Isob2ARp1_barr2_internalize.Kf,ngp_deph.Kf,0.9999,positive (redundant),0.061253,0.061517
Receptors_MAPK_5,b2ARp2barr2p_dissoc.Kf,ngp_deph.Kf,0.9999,positive (redundant),0.06129,0.061517
Receptors_MAPK_5,eIntb2ARp1barr2craf+MEKp.kcat,ngp_deph.Kf,0.9999,positive (redundant),0.061237,0.061517
Receptors_MAPK_5,eIntb2ARp1barr2craf+MEKp.Km,ngp_deph.Kf,0.9999,positive (redundant),0.061237,0.061517
Receptors_MAPK_5,b2ARp2barr2p_deph.kcat,ngp_deph.Kf,0.9999,positive (redundant),0.061421,0.061517
Receptors_MAPK_5,eMAPK+crafp.Km,eMAPK+crafp.kcat,0.9999,positive (redundant),0.346648,0.3378
Receptors_mTOR_S6K,ebAKT+TSC1_2.Km,ebAKT+TSC1_2.kcat,0.9999,positive (redundant),0.000691,0.000439
Receptors_mTOR_S6K,ebAKT+TSC1_2.Km,eAKT+TSC1_2.Km,-0.9999,negative (compensating),0.000691,0.028098
Receptors_mTOR_S6K,ebAKT+TSC1_2.Km,eAKT+TSC1_2.kcat,-0.9999,negative (compensating),0.000691,0.006288
Receptors_mTOR_S6K,ebAKT+TSC1_2.Km,TSC1_2_deph.Kf,-0.9999,negative (compensating),0.000691,0.028331
Receptors_eIF4E,emTORC1+eIF4E_4EBP.kcat,ePP2A+4EBPpq.kcat,-0.9999,negative (compensating),0.008936,0.009582
Receptors_S6,ebS6K+S6.Km,ebS6K+S6.kcat,-0.9999,negative (compensating),0.050712,0.005007
43S,QR+M.tau,RM+Q.tau,0.9999,positive (redundant),0.004297,0.056485
Receptors_protein,elongation.Kd,activation.Kd,0.9999,positive (redundant),0.114611,0.115389
Glu_mGluR_1,ePP2A+RpS870S901.kcat,RpS870Glu+Gq.Kd,0.9998,positive (redundant),0.00057,0.011106
Glu_mGluR_2,ePKC+mGluR.kcat,ePKC+LRpS870G.kcat,0.9998,positive (redundant),0.000851,0.000164
DHPG_mGluR_1,ePP2A+DHPGRpS870.kcat,ePP2A+DHPGRpS870G.kcat,0.9998,positive (redundant),0.00337,0.000133
b2AR,IsoR+GsGDP.Kd,Iso+RGs.Kd,0.9998,positive (redundant),0.007233,0.39295
barr2,GRK2+bg.tau,eGRK2+DHPG_mGluR5.Km,0.9998,positive (redundant),0.011052,0.003342
barr2,eGRK2+DHPG_mGluR5.Km,LRpT840+barr2.tau,0.9998,positive (redundant),0.003342,0.003663
barr2,DHPGRpT840+barr2.Kd,DHPGRpT840+barr2.tau,0.9998,positive (redundant),0.004989,0.000528
barr2,DHPGRpT840+barr2.tau,DHPGRpT840_barr2_internalize.Kf,-0.9998,negative (compensating),0.000528,0.003012
TrKs_PLCg,eCaPLCg+PIP2.Km,eCaPLCg+PIP2.kcat,0.9998,positive (redundant),0.073595,0.075906
mGluR_PLCb,ePLCb_Ca+PIP2.Km,ePLCb_Ca+PIP2.kcat,0.9998,positive (redundant),0.082489,0.088308
Receptors_Ras_2,GAP_deph.Kf,CaMCa4+GEF.tau,0.9998,positive (redundant),0.000911,0.001023
Receptors_Ras_2,CaMCa3+CaN.tau,CaMCa2+CaN.Kd,0.9998,positive (redundant),0.000867,0.001596
Receptors_Ras_2,eCaMGEF+Ras.Km,CaMCa4+CaN.tau,0.9998,positive (redundant),0.01273,0.002172
Receptors_Ras_2,eCaMGEF+Ras.Km,CaMCa2+CaN.Kd,0.9998,positive (redundant),0.01273,0.001596
Receptors_PI3K_1,ePTEN+PIP3.kcat,PI3K+RasGTP.tau,-0.9998,negative (compensating),0.000168,0.003345
Receptors_PI3K_1,Sosp+Grb2.Kd,PI3K+RasGTP.tau,-0.9998,negative (compensating),0.000387,0.003345
Receptors_PI3K_1,Sosp+Grb2.tau,PI3K+RasGTP.tau,0.9998,positive (redundant),0.001044,0.003345
Receptors_PI3K_1,PI3K+RasGTP.tau,ePI3K_Ras+PIP2.Km,0.9998,positive (redundant),0.003345,0.001392
Receptors_MAPK_3,Isob2ARp1_deph.Km,eIntb2ARp1barr2craf+MEK.kcat,0.9998,positive (redundant),0.006481,0.061236
Receptors_mTOR_S6K,ebAKT+TSC1_2.kcat,eAKT+TSC1_2.Km,-0.9998,negative (compensating),0.000439,0.028098
Receptors_protein,eTrans+AA.Km,elongation.Kd,0.9998,positive (redundant),0.115836,0.114611
DHPG_mGluR_1,ePP2A+DHPGRpS870.Km,ePP2A+DHPGRpS870.kcat,-0.9997,negative (compensating),0.027084,0.00337
b2AR,IsoR+GsGDP.Kd,IsoR+GsGDP.tau,-0.9997,negative (compensating),0.007233,0.008035
barr2,LRpT840+barr2.tau,DHPGRpT840+barr2.tau,0.9997,positive (redundant),0.003663,0.000528
mGluR_PLCb,ePLCb_Ca_Gq+PIP2.Km,ePLCb_Ca_Gq+PIP2.kcat,0.9997,positive (redundant),0.185299,0.189591
Receptors_Ras_1,ePKC+GAP.kcat,bg+GEF.tau,0.9997,positive (redundant),0.000837,0.001942
Receptors_Ras_2,GAP_deph.Kf,CaMCa4+CaN.tau,0.9997,positive (redundant),0.000911,0.002172
Receptors_Ras_2,CaMCa4+GEF.tau,CaMCa4+CaN.tau,0.9997,positive (redundant),0.001023,0.002172
Receptors_Ras_2,CaMCa4+GEF.tau,CaMCa2+CaN.Kd,0.9997,positive (redundant),0.001023,0.001596
Receptors_PI3K_1,Sosp_deph.Kf,PI3K+RasGTP.tau,0.9997,positive (redundant),0.001482,0.003345
Receptors_PI3K_1,eSHCpGrb2Gab1PI3K+PIP2.kcat,PI3K+RasGTP.tau,0.9997,positive (redundant),0.000797,0.003345
Receptors_PI3K_1,ePI3K_Ras+PIP2.kcat,PI3K+RasGTP.tau,0.9997,positive (redundant),0.000705,0.003345
Receptors_PI3K_1,Sos+Grb2.tau,PI3K+RasGTP.tau,0.9997,positive (redundant),0.002055,0.003345
Receptors_MAPK_1,ePKC+ng.kcat,eGRK2+Epi_b2AR.kcat,0.9997,positive (redundant),0.013936,0.008004
Receptors_MAPK_3,ecraf1_mGluRbarr2+MEK.Km,mGluR_barr2+Raf.tau,0.9997,positive (redundant),0.061223,0.061383
Receptors_MAPK_3,ecraf1_mGluRbarr2+MEK.Km,ePKC+ng_CaM.kcat,0.9997,positive (redundant),0.061223,0.061459
Receptors_MAPK_3,ecraf1_mGluRbarr2+MEKp.Km,mGluR_barr2+Raf.tau,0.9997,positive (redundant),0.061262,0.061383
Receptors_MAPK_3,ng+CaM.tau,Isob2ARp1_deph.Km,0.9997,positive (redundant),0.005397,0.006481
Receptors_MAPK_3,ng+CaM.tau,mGluR_barr2+Raf.tau,0.9997,positive (redundant),0.005397,0.061383
Receptors_MAPK_3,ng+CaM.tau,ePKC+b2ARp1barr2_craf.kcat,0.9997,positive (redundant),0.005397,0.061241
Receptors_MAPK_3,ng+CaM.tau,b2ARp2barr2p_deph.Km,0.9997,positive (redundant),0.005397,0.061236
Receptors_MAPK_3,ng+CaM.tau,ePP2A+b2ARp1barr2crafp.Km,0.9997,positive (redundant),0.005397,0.061235
Receptors_MAPK_3,ng+CaM.tau,ePP2A+b2ARp1barr2crafp.kcat,0.9997,positive (redundant),0.005397,0.061239
Receptors_MAPK_3,ng+CaM.tau,eIntb2ARp1barr2craf+MEK.kcat,0.9997,positive (redundant),0.005397,0.061236
Receptors_MAPK_3,ng+CaM.tau,eGRK2+Iso_b2AR.Km,0.9997,positive (redundant),0.005397,0.061349
Receptors_MAPK_3,ng+CaM.tau,eGRK5+Epi_b2AR.kcat,0.9997,positive (redundant),0.005397,0.061235
Receptors_MAPK_3,ng+CaM.tau,Isob2ARp2_deph.Km,0.9997,positive (redundant),0.005397,0.061422
Receptors_MAPK_3,ng+CaM.tau,Isob2ARp1_deph.kcat,0.9997,positive (redundant),0.005397,0.061243
Receptors_MAPK_3,ng+CaM.tau,Intb2ARp1_deph.kcat,0.9997,positive (redundant),0.005397,0.061239
Receptors_MAPK_3,ng+CaM.tau,eGRK2+Iso_b2AR.kcat,0.9997,positive (redundant),0.005397,0.061235
Receptors_MAPK_3,ng+CaM.tau,Isob2ARp1+barr2.tau,0.9997,positive (redundant),0.005397,0.061234
Receptors_MAPK_3,Isob2ARp1_deph.Km,mGluR_barr2+Raf.tau,0.9997,positive (redundant),0.006481,0.061383
Receptors_MAPK_3,Isob2ARp1_deph.Km,ePKC+ng_CaM.kcat,0.9997,positive (redundant),0.006481,0.061459
Receptors_MAPK_3,Isob2ARp1_deph.Km,ePKC+b2ARp1barr2_craf.kcat,0.9997,positive (redundant),0.006481,0.061241
Receptors_MAPK_3,Isob2ARp1_deph.Km,b2ARp2barr2p_deph.Km,0.9997,positive (redundant),0.006481,0.061236
Receptors_MAPK_3,Isob2ARp1_deph.Km,ePP2A+b2ARp1barr2crafp.Km,0.9997,positive (redundant),0.006481,0.061235
Receptors_MAPK_3,Isob2ARp1_deph.Km,ePP2A+b2ARp1barr2crafp.kcat,0.9997,positive (redundant),0.006481,0.061239
Receptors_MAPK_3,Isob2ARp1_deph.Km,eGRK2+Iso_b2AR.Km,0.9997,positive (redundant),0.006481,0.061349
Receptors_MAPK_3,Isob2ARp1_deph.Km,eGRK5+Epi_b2AR.kcat,0.9997,positive (redundant),0.006481,0.061235
Receptors_MAPK_3,Isob2ARp1_deph.Km,Isob2ARp2_deph.Km,0.9997,positive (redundant),0.006481,0.061422
Receptors_MAPK_3,Isob2ARp1_deph.Km,Isob2ARp1_deph.kcat,0.9997,positive (redundant),0.006481,0.061243
Receptors_MAPK_3,Isob2ARp1_deph.Km,Intb2ARp1_deph.kcat,0.9997,positive (redundant),0.006481,0.061239
Receptors_MAPK_3,Isob2ARp1_deph.Km,eGRK2+Iso_b2AR.kcat,0.9997,positive (redundant),0.006481,0.061235
Receptors_MAPK_3,Isob2ARp1_deph.Km,Isob2ARp1+barr2.tau,0.9997,positive (redundant),0.006481,0.061234
Receptors_mTOR_S6K,ebAKT+TSC1_2.kcat,eAKT+TSC1_2.kcat,-0.9997,negative (compensating),0.000439,0.006288
Receptors_mTOR_S6K,ebAKT+TSC1_2.kcat,TSC1_2_deph.Kf,-0.9997,negative (compensating),0.000439,0.028331
43S,Q+R.tau,RM+Q.tau,0.9997,positive (redundant),0.00074,0.056485
Glu_mGluR_1,ePP2A+RpS870S901.kcat,ePKC+mGluR.Km,0.9996,positive (redundant),0.00057,0.024657
Glu_mGluR_1,ePP2A+RpS870S901.kcat,RpS870+Glu.tau,0.9996,positive (redundant),0.00057,0.017101
barr2,eGRK2+DHPG_mGluR5.Km,DHPGRpT840+barr2.tau,0.9996,positive (redundant),0.003342,0.000528
TrKs_PLCg,eCaPLCg+PIP2.Km,eCaPLCgp+PIP2.Km,-0.9996,negative (compensating),0.073595,0.067296
TrKs_PLCg,eCaPLCg+PIP2.Km,eCaPLCgp+PIP2.kcat,-0.9996,negative (compensating),0.073595,0.067826
AC_2,EpiR+GsGDP.Kd,EpiR+GsGDP.tau,-0.9996,negative (compensating),0.008569,0.00451
Receptors_Ras_1,ePKC+GAP.kcat,CaMCa2+CaN.tau,0.9996,positive (redundant),0.000837,0.00104
Receptors_Ras_2,GAP_deph.Kf,CaMCa2+CaN.Kd,0.9996,positive (redundant),0.000911,0.001596
Receptors_PI3K_1,ePTEN+PIP3.kcat,SHCp+Grb2.tau,-0.9996,negative (compensating),0.000168,0.003282
Receptors_PI3K_1,ebPI3K+PIP2.kcat,PI3K+RasGTP.tau,0.9996,positive (redundant),0.001431,0.003345
Receptors_MAPK_2,ecraf1_mGluRbarr2+MEK.kcat,ecraf1_mGluRbarr2+MEKp.kcat,0.9996,positive (redundant),0.060978,0.060944
Receptors_MAPK_3,ecraf1_mGluRbarr2+MEKp.Km,ePKC+ng_CaM.kcat,0.9996,positive (redundant),0.061262,0.061459
Receptors_MAPK_3,ePKC+ng.Km,ePKC+b2ARp1barr2_craf.kcat,0.9996,positive (redundant),0.008705,0.061241
Receptors_MAPK_3,ePKC+ng.Km,b2ARp2barr2p_deph.Km,0.9996,positive (redundant),0.008705,0.061236
Receptors_MAPK_3,ePKC+ng.Km,ePP2A+b2ARp1barr2crafp.kcat,0.9996,positive (redundant),0.008705,0.061239
Receptors_MAPK_3,ePKC+ng.Km,eIntb2ARp1barr2craf+MEK.kcat,0.9996,positive (redundant),0.008705,0.061236
Receptors_MAPK_3,ePKC+ng.Km,eGRK2+Iso_b2AR.Km,0.9996,positive (redundant),0.008705,0.061349
Receptors_MAPK_3,ePKC+ng.Km,eGRK5+Epi_b2AR.kcat,0.9996,positive (redundant),0.008705,0.061235
Receptors_MAPK_3,ePKC+ng.Km,Isob2ARp2_deph.Km,0.9996,positive (redundant),0.008705,0.061422
Receptors_MAPK_3,ePKC+ng.Km,Isob2ARp1_deph.kcat,0.9996,positive (redundant),0.008705,0.061243
Receptors_MAPK_3,ePKC+ng.Km,Intb2ARp1_deph.kcat,0.9996,positive (redundant),0.008705,0.061239
Receptors_MAPK_3,ePKC+ng.Km,eGRK2+Iso_b2AR.kcat,0.9996,positive (redundant),0.008705,0.061235
Receptors_MAPK_3,ePKC+ng.Km,Isob2ARp1+barr2.tau,0.9996,positive (redundant),0.008705,0.061234
Receptors_MAPK_3,ng+CaM.tau,ePKC+ng_CaM.kcat,0.9996,positive (redundant),0.005397,0.061459
NMDAR,NMDA+NMDAR.Kd,eAMPAR+Glu_NMDAR.Km,-0.9995,negative (compensating),0.29753,0.393517
Glu_mGluR_1,ePP2A+RpS870G.kcat,ePKA+GluR.Km,0.9995,positive (redundant),0.032984,0.006724
Glu_mGluR_1,ePP2A+RpS870G.kcat,ePP2A+LRpS870G.Km,0.9995,positive (redundant),0.032984,0.029199
Glu_mGluR_1,ePP2A+RpS870G.kcat,ePP2A+LRpS870G.kcat,0.9995,positive (redundant),0.032984,0.01091
Glu_mGluR_1,ePP2A+RpS870G.kcat,RpS870+Glu.tau,0.9995,positive (redundant),0.032984,0.017101
Glu_mGluR_1,ePP2A+RpS870G.kcat,RpS870Glu+Gq.tau,0.9995,positive (redundant),0.032984,0.043088
Glu_mGluR_1,ePP2A+RpS870S901.kcat,ePKA+GluR.Km,0.9995,positive (redundant),0.00057,0.006724
Glu_mGluR_1,ePP2A+RpS870S901.kcat,ePP2A+LRpS870G.Km,0.9995,positive (redundant),0.00057,0.029199
Glu_mGluR_1,ePP2A+RpS870S901.kcat,ePP2A+LRpS870G.kcat,0.9995,positive (redundant),0.00057,0.01091
Glu_mGluR_1,ePP2A+RpS870S901.kcat,RpS870Glu+Gq.tau,0.9995,positive (redundant),0.00057,0.043088
HomerPIKE_1,PIKE+DHPG_mGluR_Homer.Kd,PI3K+DHPG_mGluR_HomerPIKE.Kd,0.9995,positive (redundant),0.00196,0.002037
mGluR_PLCb,PLCb+Ca.tau,Degrade_DAG.Kf,-0.9995,negative (compensating),0.023814,0.005846
Receptors_Ras_2,CaMCa4+GEF.tau,CaMCa3+CaN.tau,0.9995,positive (redundant),0.001023,0.000867
Receptors_PI3K_1,Sosp+Grb2.Kd,SHCp+Grb2.tau,-0.9995,negative (compensating),0.000387,0.003282
Receptors_PI3K_1,SHC+SosGrb2.Kd,eSHCpGrb2Gab1PI3K+PIP2.Km,-0.9995,negative (compensating),0.005752,0.009033
Receptors_PI3K_1,Sosp+Grb2.tau,SHCp+Grb2.tau,0.9995,positive (redundant),0.001044,0.003282
Receptors_MAPK_3,ecraf1_mGluRbarr2+MEK.Km,b2ARp2barr2p_deph.Km,0.9995,positive (redundant),0.061223,0.061236
Receptors_MAPK_3,ecraf1_mGluRbarr2+MEK.Km,ePP2A+b2ARp1barr2crafp.Km,0.9995,positive (redundant),0.061223,0.061235
Receptors_MAPK_3,ecraf1_mGluRbarr2+MEK.Km,ePP2A+b2ARp1barr2crafp.kcat,0.9995,positive (redundant),0.061223,0.061239
Receptors_MAPK_3,ecraf1_mGluRbarr2+MEK.Km,eIntb2ARp1barr2craf+MEK.kcat,0.9995,positive (redundant),0.061223,0.061236
Receptors_MAPK_3,ecraf1_mGluRbarr2+MEK.Km,eGRK2+Iso_b2AR.Km,0.9995,positive (redundant),0.061223,0.061349
Receptors_MAPK_3,ecraf1_mGluRbarr2+MEK.Km,eGRK5+Epi_b2AR.kcat,0.9995,positive (redundant),0.061223,0.061235
Receptors_MAPK_3,ecraf1_mGluRbarr2+MEK.Km,Isob2ARp2_deph.Km,0.9995,positive (redundant),0.061223,0.061422
Receptors_MAPK_3,ecraf1_mGluRbarr2+MEK.Km,Isob2ARp1_deph.kcat,0.9995,positive (redundant),0.061223,0.061243
Receptors_MAPK_3,ecraf1_mGluRbarr2+MEK.Km,Intb2ARp1_deph.kcat,0.9995,positive (redundant),0.061223,0.061239
Receptors_MAPK_3,ecraf1_mGluRbarr2+MEK.Km,eGRK2+Iso_b2AR.kcat,0.9995,positive (redundant),0.061223,0.061235
Receptors_MAPK_3,ecraf1_mGluRbarr2+MEK.Km,Isob2ARp1+barr2.tau,0.9995,positive (redundant),0.061223,0.061234
Receptors_MAPK_3,ecraf1_mGluRbarr2+MEKp.Km,ePP2A+b2ARp1barr2crafp.Km,0.9995,positive (redundant),0.061262,0.061235
Receptors_MAPK_3,ecraf1_mGluRbarr2+MEKp.Km,ePP2A+b2ARp1barr2crafp.kcat,0.9995,positive (redundant),0.061262,0.061239
Receptors_MAPK_3,ecraf1_mGluRbarr2+MEKp.Km,eGRK5+Epi_b2AR.kcat,0.9995,positive (redundant),0.061262,0.061235
Receptors_MAPK_3,ecraf1_mGluRbarr2+MEKp.Km,Isob2ARp1+barr2.tau,0.9995,positive (redundant),0.061262,0.061234
Receptors_MAPK_3,ePKC+ng.Km,ePP2A+b2ARp1barr2crafp.Km,0.9995,positive (redundant),0.008705,0.061235
Glu_mGluR_1,ePP2A+RpS870G.kcat,ePKC+mGluR.Km,0.9994,positive (redundant),0.032984,0.024657
Glu_mGluR_1,ePP2A+RpS870G.kcat,RpS870Glu+Gq.Kd,0.9994,positive (redundant),0.032984,0.011106
HomerPIKE_1,PI3K+DHPG_mGluR_HomerPIKE.tau,PI3K+DHPG_mGluR_HomerPIKE.Kd,0.9994,positive (redundant),0.000172,0.002037
TrKs_PLCg,eCaPLCg+PIP2.kcat,eCaPLCgp+PIP2.Km,-0.9994,negative (compensating),0.075906,0.067296
TrKs_PLCg,eCaPLCg+PIP2.kcat,eCaPLCgp+PIP2.kcat,-0.9994,negative (compensating),0.075906,0.067826
Receptors_Ras_2,CaMCa3+CaN.tau,eCaMGEF+Ras.Km,0.9994,positive (redundant),0.000867,0.01273
Receptors_Ras_2,CaMCa3+CaN.tau,CaMCa4+CaN.tau,0.9994,positive (redundant),0.000867,0.002172
Receptors_PI3K_1,eSHCpGrb2Gab1PI3K+PIP2.kcat,SHCp+Grb2.tau,0.9994,positive (redundant),0.000797,0.003282
Receptors_PI3K_1,ePI3K_Ras+PIP2.kcat,SHCp+Grb2.tau,0.9994,positive (redundant),0.000705,0.003282
Receptors_PI3K_1,Sos+Grb2.tau,SHCp+Grb2.tau,0.9994,positive (redundant),0.002055,0.003282
Receptors_MAPK_3,ecraf1_mGluRbarr2+MEK.Km,ePKC+b2ARp1barr2_craf.kcat,0.9994,positive (redundant),0.061223,0.061241
Receptors_MAPK_3,ecraf1_mGluRbarr2+MEKp.Km,ePKC+b2ARp1barr2_craf.kcat,0.9994,positive (redundant),0.061262,0.061241
Receptors_MAPK_3,ecraf1_mGluRbarr2+MEKp.Km,b2ARp2barr2p_deph.Km,0.9994,positive (redundant),0.061262,0.061236
Receptors_MAPK_3,ecraf1_mGluRbarr2+MEKp.Km,eIntb2ARp1barr2craf+MEK.kcat,0.9994,positive (redundant),0.061262,0.061236
Receptors_MAPK_3,ecraf1_mGluRbarr2+MEKp.Km,eGRK2+Iso_b2AR.Km,0.9994,positive (redundant),0.061262,0.061349
Receptors_MAPK_3,ecraf1_mGluRbarr2+MEKp.Km,Isob2ARp2_deph.Km,0.9994,positive (redundant),0.061262,0.061422
Receptors_MAPK_3,ecraf1_mGluRbarr2+MEKp.Km,Isob2ARp1_deph.kcat,0.9994,positive (redundant),0.061262,0.061243
Receptors_MAPK_3,ecraf1_mGluRbarr2+MEKp.Km,Intb2ARp1_deph.kcat,0.9994,positive (redundant),0.061262,0.061239
Receptors_MAPK_3,ecraf1_mGluRbarr2+MEKp.Km,eGRK2+Iso_b2AR.kcat,0.9994,positive (redundant),0.061262,0.061235
Receptors_MAPK_3,ePKC+ng.Km,ng+CaM.tau,0.9994,positive (redundant),0.008705,0.005397
Receptors_MAPK_3,ePKC+ng.Km,mGluR_barr2+Raf.tau,0.9994,positive (redundant),0.008705,0.061383
CaM,CaM+Ca.Kd,CaMCa+Ca.Kd,0.9993,positive (redundant),0.140166,0.111467
mGluR_PLCb,PLC+Gq.tau,PLC_Gq+Ca.tau,0.9993,positive (redundant),0.010842,0.017923
Receptors_PI3K_1,ePTEN+PIP3.kcat,ePI3K_Ras+PIP2.Km,-0.9993,negative (compensating),0.000168,0.001392
Receptors_PI3K_1,ebPI3K+PIP2.kcat,SHCp+Grb2.tau,0.9993,positive (redundant),0.001431,0.003282
Receptors_PI3K_1,Sosp_deph.Kf,SHCp+Grb2.tau,0.9993,positive (redundant),0.001482,0.003282
Receptors_MAPK_3,ecraf1_mGluRbarr2+MEK.Km,ng+CaM.tau,0.9993,positive (redundant),0.061223,0.005397
Receptors_MAPK_3,ecraf1_mGluRbarr2+MEKp.Km,ng+CaM.tau,0.9993,positive (redundant),0.061262,0.005397
Receptors_MAPK_3,ng+CaM.Kd,ePKC+ng_CaM.kcat,0.9993,positive (redundant),0.061075,0.061459
Receptors_MAPK_3,ng+CaM.Kd,ePKC+b2ARp1barr2_craf.kcat,0.9993,positive (redundant),0.061075,0.061241
Receptors_MAPK_3,ng+CaM.Kd,b2ARp2barr2p_deph.Km,0.9993,positive (redundant),0.061075,0.061236
Receptors_MAPK_3,ng+CaM.Kd,ePP2A+b2ARp1barr2crafp.Km,0.9993,positive (redundant),0.061075,0.061235
Receptors_MAPK_3,ng+CaM.Kd,ePP2A+b2ARp1barr2crafp.kcat,0.9993,positive (redundant),0.061075,0.061239
Receptors_MAPK_3,ng+CaM.Kd,eIntb2ARp1barr2craf+MEK.kcat,0.9993,positive (redundant),0.061075,0.061236
Receptors_MAPK_3,ng+CaM.Kd,eGRK2+Iso_b2AR.Km,0.9993,positive (redundant),0.061075,0.061349
Receptors_MAPK_3,ng+CaM.Kd,eGRK5+Epi_b2AR.kcat,0.9993,positive (redundant),0.061075,0.061235
Receptors_MAPK_3,ng+CaM.Kd,Isob2ARp2_deph.Km,0.9993,positive (redundant),0.061075,0.061422
Receptors_MAPK_3,ng+CaM.Kd,Isob2ARp1_deph.kcat,0.9993,positive (redundant),0.061075,0.061243
Receptors_MAPK_3,ng+CaM.Kd,Intb2ARp1_deph.kcat,0.9993,positive (redundant),0.061075,0.061239
Receptors_MAPK_3,ng+CaM.Kd,eGRK2+Iso_b2AR.kcat,0.9993,positive (redundant),0.061075,0.061235
Receptors_MAPK_3,ng+CaM.Kd,Isob2ARp1+barr2.tau,0.9993,positive (redundant),0.061075,0.061234
Receptors_MAPK_3,ePKC+ng.Km,Isob2ARp1_deph.Km,0.9993,positive (redundant),0.008705,0.006481
HomerPIKE_1,eHomerPIKEPI3K+PIP2.Km,PI3K+Glu_mGluR_HomerPIKE.Kd,0.9992,positive (redundant),0.209764,0.205466
mGluR_PLCb,ePLCb_Ca+PIP2.kcat,PLCb+Ca.tau,0.9992,positive (redundant),0.088308,0.023814
Receptors_Ras_1,eCaMGEF+Ras.kcat,ePKC+GAP.kcat,0.9992,positive (redundant),0.094443,0.000837
Receptors_Ras_1,eCaMGEF+Ras.kcat,bg+GEF.tau,0.9992,positive (redundant),0.094443,0.001942
Receptors_PI3K_1,Sosp+Grb2.Kd,ePI3K_Ras+PIP2.Km,-0.9992,negative (compensating),0.000387,0.001392
Receptors_PI3K_1,SHC+SosGrb2.Kd,SHCp+Grb2.Kd,0.9992,positive (redundant),0.005752,0.456552
Receptors_PI3K_1,Sosp+Grb2.tau,ePI3K_Ras+PIP2.Km,0.9992,positive (redundant),0.001044,0.001392
Receptors_PI3K_1,ePI3K_Ras+PIP2.kcat,ePI3K_Ras+PIP2.Km,0.9992,positive (redundant),0.000705,0.001392
Receptors_PI3K_1,Sos+Grb2.tau,ePI3K_Ras+PIP2.Km,0.9992,positive (redundant),0.002055,0.001392
Receptors_MAPK_3,ecraf1_mGluRbarr2+MEK.Km,Isob2ARp1_deph.Km,0.9992,positive (redundant),0.061223,0.006481
Receptors_MAPK_3,ecraf1_mGluRbarr2+MEKp.Km,Isob2ARp1_deph.Km,0.9992,positive (redundant),0.061262,0.006481
Receptors_MAPK_3,ePKC+ng.Km,ePKC+ng_CaM.kcat,0.9992,positive (redundant),0.008705,0.061459
b2AR,IsoR+GsGDP.tau,Iso+RGs.Kd,-0.9991,negative (compensating),0.008035,0.39295
Receptors_Ras_2,Ca+CaNCa2.Kd,GAP_deph.Kf,0.9991,positive (redundant),0.000666,0.000911
Receptors_Ras_2,Ca+CaNCa2.Kd,CaMCa4+GEF.tau,0.9991,positive (redundant),0.000666,0.001023
Receptors_Ras_2,CaMCa4+GEF.tau,eCaMGEF+Ras.Km,0.9991,positive (redundant),0.001023,0.01273
Receptors_PI3K_1,eSHCpGrb2Gab1PI3K+PIP2.kcat,ePI3K_Ras+PIP2.Km,0.9991,positive (redundant),0.000797,0.001392
Receptors_MAPK_3,ng+CaM.Kd,mGluR_barr2+Raf.tau,0.9991,positive (redundant),0.061075,0.061383
Receptors_eIF4E,emTORC1+4EBP.Km,emTORC1+4EBP.kcat,-0.9991,negative (compensating),0.149355,0.007014
mGluR_PLCb,PLC+Gq.tau,ePLCb_Ca+PIP2.Km,0.999,positive (redundant),0.010842,0.082489
mGluR_PLCb,PLC+Gq.tau,ePLCb_Ca+PIP2.kcat,0.999,positive (redundant),0.010842,0.088308
mGluR_PLCb,PLC+Gq.tau,PLCb+Ca.tau,0.999,positive (redundant),0.010842,0.023814
Receptors_Ras_1,eCaMGEF+Ras.kcat,CaMCa2+CaN.tau,0.999,positive (redundant),0.094443,0.00104
Receptors_Ras_1,eGEF+RasGDP.Km,ePKC+GEF.Km,0.999,positive (redundant),0.145923,0.130518
Receptors_Ras_2,GAP_deph.Kf,CaMCa3+CaN.tau,0.999,positive (redundant),0.000911,0.000867
Receptors_Ras_2,GAP_deph.Kf,eCaMGEF+Ras.Km,0.999,positive (redundant),0.000911,0.01273
Receptors_PI3K_1,ebPI3K+PIP2.kcat,ePI3K_Ras+PIP2.Km,0.999,positive (redundant),0.001431,0.001392
Receptors_PI3K_1,Sosp_deph.Kf,ePI3K_Ras+PIP2.Km,0.999,positive (redundant),0.001482,0.001392
Receptors_MAPK_3,ng+CaM.Kd,Isob2ARp1_deph.Km,0.999,positive (redundant),0.061075,0.006481
TrKs_SHC,bSHC_act.Km,bSHC_act.kcat,-0.9989,negative (compensating),0.000186,0.000573
Receptors_MAPK_3,ng+CaM.Kd,ng+CaM.tau,0.9989,positive (redundant),0.061075,0.005397
Glu_mGluR_1,ePP2A+RpS870G.kcat,ePP2A+RpS870S901.kcat,0.9988,positive (redundant),0.032984,0.00057
Receptors_PI3K_1,SHC+SosGrb2.Kd,SHCpGrb2Gab1+PI3K.Kd,0.9988,positive (redundant),0.005752,0.532565
HomerPIKE_1,eHomerPIKEPI3K+PIP2.Km,PIKE+Glu_mGluR_Homer.Kd,0.9987,positive (redundant),0.209764,0.203451
Receptors_MAPK_3,ecraf1_mGluRbarr2+MEK.Km,ng+CaM.Kd,0.9987,positive (redundant),0.061223,0.061075
Receptors_MAPK_3,ng+CaM.Kd,ePKC+ng.Km,0.9987,positive (redundant),0.061075,0.008705
CaMKII_1,eCaMKIIp+CaMKII_CaM.Km,eCaMCaMKII+CaMKIIp.kcat,0.9986,positive (redundant),0.000852,0.125403
Receptors_MAPK_1,Epib2ARp1_deph.Km,eGRK2+Epi_b2AR.kcat,0.9986,positive (redundant),0.002293,0.008004
Receptors_MAPK_3,ecraf1_mGluRbarr2+MEKp.Km,ng+CaM.Kd,0.9986,positive (redundant),0.061262,0.061075
mGluR_PLCb,ePLCb_Ca+PIP2.Km,PLCb+Ca.tau,0.9985,positive (redundant),0.082489,0.023814
CaMKII_1,eCaMKIIp+CaMKII_CaM.kcat,eCaMCaMKII+CaMKIIp.kcat,-0.9985,negative (compensating),0.001211,0.125403
CaMKII_1,eCaMKIIp+CaMKII_CaM.Km,eCaMCaMKII+CaMKIIp.Km,0.9985,positive (redundant),0.000852,0.17844
Receptors_MAPK_3,ecraf1_mGluRbarr2+MEK.Km,ePKC+ng.Km,0.9985,positive (redundant),0.061223,0.008705
mGluR_PLCb,PLC_Ca+Gq.tau,PLC+Gq.tau,-0.9984,negative (compensating),0.01056,0.010842
mGluR_PLCb,PLC_Ca+Gq.tau,ePLCb_Ca+PIP2.kcat,-0.9984,negative (compensating),0.01056,0.088308
CaMKII_1,eCaMKIIp+CaMKII_CaM.kcat,eCaMCaMKII+CaMKIIp.Km,-0.9984,negative (compensating),0.001211,0.17844
CaMKII_1,eCaMKIIp+CaMKIIp.kcat,eCaMKIIp+CaMKIIp.Km,0.9984,positive (redundant),0.066505,0.076522
Receptors_Ras_2,Ca+CaNCa2.Kd,CaMCa3+CaN.tau,0.9984,positive (redundant),0.000666,0.000867
Receptors_Ras_2,Ca+CaNCa2.Kd,CaMCa2+CaN.Kd,0.9984,positive (redundant),0.000666,0.001596
Receptors_MAPK_3,ecraf1_mGluRbarr2+MEKp.Km,ePKC+ng.Km,0.9984,positive (redundant),0.061262,0.008705
Receptors_Ras_2,Ca+CaNCa2.Kd,CaMCa4+CaN.tau,0.9983,positive (redundant),0.000666,0.002172
TSC1_2,eTSC1_2+RhebGTP.Km,eTSC1_2+RhebGTP.kcat,0.9983,positive (redundant),0.608458,0.516853
Receptors_Ras_2,CaMCa4+GEF.Kd,CaMCa2+CaN.Kd,0.9982,positive (redundant),0.006798,0.001596
Receptors_PI3K_1,PI3K+RasGTP.Kd,ePI3K_Ras+PIP2.Km,0.9982,positive (redundant),0.157546,0.001392
Receptors_MAPK_1,Epib2ARp1_deph.Km,ePKC+ng.kcat,0.9982,positive (redundant),0.002293,0.013936
HomerPIKE_1,PIKE+Glu_mGluR_Homer.tau,eHomerPIKEPI3K+PIP2.kcat,0.9981,positive (redundant),0.000383,0.176178
mGluR_PLCb,PLC_Gq+Ca.tau,ePLCb_Ca+PIP2.Km,0.9981,positive (redundant),0.017923,0.082489
AC_1,eCaM_PDE1+cAMP.Km,eCaM_PDE1+cAMP.kcat,0.998,positive (redundant),0.172443,0.156583
Receptors_Ras_2,CaMCa4+GEF.Kd,CaMCa3+CaN.tau,0.998,positive (redundant),0.006798,0.000867
Receptors_Ras_2,CaMCa4+GEF.Kd,eCaMGEF+Ras.Km,0.998,positive (redundant),0.006798,0.01273
Receptors_Ras_2,CaMCa4+GEF.Kd,CaMCa4+CaN.tau,0.998,positive (redundant),0.006798,0.002172
mGluR_PLCb,PLC+Gq.tau,Degrade_DAG.Kf,-0.9979,negative (compensating),0.010842,0.005846
Receptors_eEF2,ebCaMKIII+eEF2.Km,ebS6K+CaMKIII.kcat,-0.9979,negative (compensating),0.144086,0.000157
HomerPIKE_1,PI3K+DHPG_mGluR_HomerPIKE.tau,PIKE+DHPG_mGluR_Homer.Kd,0.9977,positive (redundant),0.000172,0.00196
TrKs_SHC,eEGFR+SHC.Km,SHCp_deph.Kf,0.9977,positive (redundant),0.732609,0.707064
PKA_1,R2C2cAMP3+cAMP.tau,Release_C1.tau,0.9977,positive (redundant),0.186964,0.160646
Receptors_Ras_2,CaMCa4+GEF.Kd,GAP_deph.Kf,0.9977,positive (redundant),0.006798,0.000911
Receptors_Ras_2,CaMCa4+GEF.Kd,CaMCa4+GEF.tau,0.9977,positive (redundant),0.006798,0.001023
Receptors_PI3K_1,PI3K+RasGTP.Kd,SHCp+Grb2.tau,0.9977,positive (redundant),0.157546,0.003282
mGluR_PLCb,PLC_Ca+Gq.Kd,Gq_deph.Kf,0.9976,positive (redundant),0.171088,0.168782
Receptors_Ras_2,eGbg+Ras.kcat,ePKA+GEF.Km,0.9976,positive (redundant),0.115849,0.03764
HomerPIKE_1,PI3K+Glu_mGluR_HomerPIKE.tau,PIKE+Glu_mGluR_Homer.tau,0.9975,positive (redundant),0.011465,0.000383
mGluR_PLCb,PLC_Gq+Ca.tau,ePLCb_Ca+PIP2.kcat,0.9975,positive (redundant),0.017923,0.088308
mGluR_PLCb,ePLCb_Ca+PIP2.kcat,Degrade_DAG.Kf,-0.9975,negative (compensating),0.088308,0.005846
CaMKII_1,eCaMKIIp+CaMKIIp.kcat,ePP1+CaMKIIpppc.Km,0.9975,positive (redundant),0.066505,0.319857
CaMKII_1,eCaMKIIp+CaMKIIp.kcat,ePP1+CaMKIIpp.Km,0.9975,positive (redundant),0.066505,0.142138
CaMKII_1,eCaMKIIp+CaMKIIp.kcat,ePP1+CaMKIIpppc.kcat,0.9975,positive (redundant),0.066505,0.01039
CaMKII_1,eCaMKIIp+CaMKIIp.kcat,ePP1+CaMKIIppp.kcat,0.9975,positive (redundant),0.066505,0.017889
CaMKII_1,eCaMKIIp+CaMKIIp.kcat,ePP1+CaMKIIp.Km,0.9975,positive (redundant),0.066505,0.00026
CaMKII_1,eCaMKIIp+CaMKIIp.kcat,ePP1+CaMKIIppp.Km,-0.9975,negative (compensating),0.066505,0.00789
CaMKII_1,eCaMKIIp+CaMKIIp.kcat,ePP1+CaMKIIp.kcat,-0.9975,negative (compensating),0.066505,0.000494
CaMKII_1,eCaMKIIp+CaMKIIp.kcat,ePP1+CaMKIIpp.kcat,-0.9975,negative (compensating),0.066505,0.004213
mGluR_PLCb,PLC_Ca+Gq.tau,ePLCb_Ca+PIP2.Km,-0.9974,negative (compensating),0.01056,0.082489
Receptors_Ras_1,GEF_deph.Kf,ePKC+GEF.Km,0.9974,positive (redundant),0.110117,0.130518
Receptors_Ras_2,Ca+CaNCa2.Kd,eCaMGEF+Ras.Km,0.9972,positive (redundant),0.000666,0.01273
mGluR_PLCb,PLC_CaGq_inact.Kf,ePLCb_Ca_Gq+PIP2.kcat,0.9971,positive (redundant),0.182855,0.189591
NMDAR,Glu+NMDAR.Kd,eAMPAR+Glu_NMDAR.kcat,0.997,positive (redundant),0.175698,0.254846
Receptors_eEF2,ebCaMKIII+eEF2.Km,ebCaMKIII+eEF2.kcat,-0.997,negative (compensating),0.144086,0.009529
Receptors_eEF2,ebS6K+CaMKIII.Km,CaMKIIIp_deph.Kf,-0.997,negative (compensating),0.002054,0.199181
Receptors_protein,ebTrans+AA.Km,ebTrans+AA.kcat,0.997,positive (redundant),0.198383,0.008766
Receptors_PI3K_1,PI3K+RasGTP.Kd,PI3K+RasGTP.tau,0.9969,positive (redundant),0.157546,0.003345
Receptors_eEF2,ebCaMKIII+eEF2.kcat,ebS6K+CaMKIII.Km,-0.9969,negative (compensating),0.009529,0.002054
mGluR_PLCb,PLC_Gq+Ca.tau,PLCb+Ca.tau,0.9967,positive (redundant),0.017923,0.023814
PKA_1,R2C2cAMP2+cAMP.tau,Release_C1.tau,0.9967,positive (redundant),0.153412,0.160646
Receptors_Ras_2,CaMCa4+GEF.Kd,Ca+CaNCa2.Kd,0.9967,positive (redundant),0.006798,0.000666
Receptors_protein,eTrans+AA.kcat,ebTrans+AA.kcat,0.9967,positive (redundant),0.011089,0.008766
HomerPIKE_1,eHomerPIKEPI3K+PIP2.Km,PI3K+Glu_mGluR_HomerPIKE.tau,0.9965,positive (redundant),0.209764,0.011465
mGluR_PLCb,ePLCb_Ca+PIP2.Km,Degrade_DAG.Kf,-0.9963,negative (compensating),0.082489,0.005846
NMDAR,Glu+NMDAR.tau,eAMPAR+Glu_NMDAR.kcat,0.9959,positive (redundant),0.016007,0.254846
b2AR,IsoR+GsGDP.tau,Iso+RGs.tau,-0.9959,negative (compensating),0.008035,0.022252
mGluR_PLCb,PLC_Gq+Ca.Kd,ePLCb_Ca_Gq+PIP2.Km,0.9959,positive (redundant),0.17563,0.185299
Receptors_eIF4E,eMAPK+eIF4EBPpq.Km,eMAPK+eIF4EBPpq.kcat,0.9958,positive (redundant),0.001306,0.000521
NMDAR,NMDAR_inact.Kf,eAMPAR+Glu_NMDAR.kcat,0.9957,positive (redundant),0.019183,0.254846
mGluR_PLCb,PLC_CaGq_inact.Kf,ePLCb_Ca_Gq+PIP2.Km,0.9957,positive (redundant),0.182855,0.185299
mGluR_PLCb,PLC_Ca+Gq.tau,PLC_Gq+Ca.tau,-0.9956,negative (compensating),0.01056,0.017923
Receptors_PI3K_1,ePTEN+PIP3.kcat,PI3K+RasGTP.Kd,-0.9954,negative (compensating),0.000168,0.157546
HomerPIKE_1,PI3K+Glu_mGluR_HomerPIKE.tau,eHomerPIKEPI3K+PIP2.kcat,0.9953,positive (redundant),0.011465,0.176178
Receptors_Ras_1,GEF_deph.Kf,eGEF+RasGDP.Km,0.9951,positive (redundant),0.110117,0.145923
Receptors_PI3K_1,Sosp+Grb2.Kd,PI3K+RasGTP.Kd,-0.9951,negative (compensating),0.000387,0.157546
Receptors_eEF2,ebCaMKIII+eEF2.kcat,ebS6K+CaMKIII.kcat,0.995,positive (redundant),0.009529,0.000157
mGluR_PLCb,PLC_Gq+Ca.tau,Degrade_DAG.Kf,-0.9949,negative (compensating),0.017923,0.005846
Receptors_PI3K_1,PI3K+RasGTP.Kd,Sosp+Grb2.tau,0.9949,positive (redundant),0.157546,0.001044
Receptors_PI3K_1,PI3K+RasGTP.Kd,ePI3K_Ras+PIP2.kcat,0.9949,positive (redundant),0.157546,0.000705
Receptors_PI3K_1,PI3K+RasGTP.Kd,Sos+Grb2.tau,0.9949,positive (redundant),0.157546,0.002055
Receptors_PI3K_1,PI3K+RasGTP.Kd,eSHCpGrb2Gab1PI3K+PIP2.kcat,0.9948,positive (redundant),0.157546,0.000797
Receptors_PI3K_1,PI3K+RasGTP.Kd,ebPI3K+PIP2.kcat,0.9947,positive (redundant),0.157546,0.001431
PLA2_1,PIP2_PLA2_act.tau,ePLA2PIP2+APC.kcat,-0.9946,negative (compensating),0.010003,0.207918
PKC,PKC+DAG.Kd,PKC_DAG+AA.Kd,0.9946,positive (redundant),0.196102,0.23934
Receptors_PI3K_1,PI3K+RasGTP.Kd,Sosp_deph.Kf,0.9945,positive (redundant),0.157546,0.001482
Receptors_eEF2,ebCaMKIII+eEF2.kcat,CaMKIIIp_deph.Kf,0.9945,positive (redundant),0.009529,0.199181
AC_1,PDE_deph.Kf,ePKA+cAMP_PDE.kcat,0.994,positive (redundant),0.027773,0.021248
PKC,PKC+DAG.Kd,PKC_DAG+AA.tau,0.9939,positive (redundant),0.196102,0.001855
Receptors_MAPK_1,ePKC+mGluRbarr2_craf.kcat,eGRK2+Epi_b2AR.kcat,0.9938,positive (redundant),0.003572,0.008004
Receptors_MAPK_2,ePP2A+RpT840barr2craf1p.kcat,mGluRpT840barr2craf_dissoc.Kf,0.9937,positive (redundant),0.061099,0.060889
b2AR,IsoR+GsGDP.Kd,Iso+RGs.tau,0.9935,positive (redundant),0.007233,0.022252
mGluR_PLCb,PLC_Gq+Ca.Kd,ePLCb_Ca_Gq+PIP2.kcat,0.9935,positive (redundant),0.17563,0.189591
Receptors_MAPK_1,ePKC+mGluRbarr2_craf.kcat,Epib2ARp1_deph.Km,0.9935,positive (redundant),0.003572,0.002293
Receptors_S6,eS6Kpqr+40S.Km,eS6Kpqr+40S.kcat,-0.9935,negative (compensating),0.020569,0.000645
Receptors_MAPK_1,ePKC+mGluRbarr2_craf.kcat,ePKC+ng.kcat,0.9933,positive (redundant),0.003572,0.013936
Receptors_MAPK_1,craf_deph.kcat,ePP2A+MAPKKp.Km,0.9932,positive (redundant),0.640971,0.608577
DHPG_mGluR_2,DHPG+mGluR_Gq.Kd,DHPGGq_act.Kf,0.9931,positive (redundant),0.369293,0.071806
PKA_1,R2C2cAMP2+cAMP.Kd,R2C2cAMP3+cAMP.Kd,0.993,positive (redundant),0.253456,0.278801
Receptors_AKT,ePP2A+AKTpq.Km,ePP2A+AKTp.Km,0.993,positive (redundant),0.417045,0.388643
PKC,PKC+DAG.Kd,PKC_DAG_AA_act.Kd,0.9929,positive (redundant),0.196102,0.25213
Receptors_Ras_1,Ca+CaNCa2.tau,bg+GEF.tau,0.9928,positive (redundant),0.000426,0.001942
Receptors_eIF4E,emTORC1+eIF4E_4EBP.Km,ePP2A+eIF4EBPpq.Km,-0.9927,negative (compensating),0.239469,0.003358
PKA_1,R2C2+cAMP.tau,R2C2cAMP+cAMP.tau,0.9926,positive (redundant),0.022107,0.076869
AC_1,eAC1CaM+ATP.Km,Gs+AC2p.Kd,0.9924,positive (redundant),0.016179,0.022817
Receptors_MAPK_2,mGluRpT840barr2craf_dissoc.Kf,ePKC+mGluRbarr2_craf.Km,0.9924,positive (redundant),0.060889,0.06129
Receptors_protein,eTrans+AA.kcat,ebTrans+AA.Km,0.9924,positive (redundant),0.011089,0.198383
HomerPIKE_1,PI3K+Glu_mGluR_HomerPIKE.Kd,PI3K+Glu_mGluR_HomerPIKE.tau,0.9923,positive (redundant),0.205466,0.011465
AC_1,eAC1CaM+ATP.Km,CaMCa4+AC1.tau,0.9922,positive (redundant),0.016179,0.00462
AC_2,Gs+AC1.Kd,eAC1Gs+ATP.kcat,0.9922,positive (redundant),0.091199,0.076809
Receptors_Ras_1,Ca+CaNCa2.tau,ePKC+GAP.kcat,0.9922,positive (redundant),0.000426,0.000837
Receptors_Ras_1,Ca+CaNCa2.tau,CaMCa2+CaN.tau,0.9917,positive (redundant),0.000426,0.00104
Receptors_S6,ebS6K+S6.Km,S6_deph.Kf,0.9917,positive (redundant),0.050712,0.041876
barr2,GRK2+bg.Kd,LRpT840_barr2_internalize.Kf,0.9916,positive (redundant),0.54724,0.006269
barr2,DHPGRpT840+barr2.tau,LRpT840_barr2_internalize.Kf,0.9914,positive (redundant),0.000528,0.006269
Receptors_S6,ebS6K+S6.kcat,S6_deph.Kf,-0.9914,negative (compensating),0.005007,0.041876
b2AR,Iso+RGs.Kd,Iso+RGs.tau,0.9911,positive (redundant),0.39295,0.022252
HomerPIKE_1,PIKE+Glu_mGluR_Homer.Kd,PI3K+Glu_mGluR_HomerPIKE.tau,0.9909,positive (redundant),0.203451,0.011465
TrKs_PLCg,Ca+PLCg.tau,eCaPLCg+PIP2.kcat,-0.9909,negative (compensating),0.017605,0.075906
Receptors_MAPK_2,ePP2A+RpT840barr2craf1p.kcat,ecraf1_mGluRbarr2+MEKp.kcat,0.9909,positive (redundant),0.061099,0.060944
Receptors_eEF2,ebS6K+CaMKIII.Km,ebS6K+CaMKIII.kcat,-0.9909,negative (compensating),0.002054,0.000157
Glu_mGluR_1,RpS870+Glu.Kd,ePP2A+LRpS870.Km,0.9905,positive (redundant),0.03347,0.021976
TrKs_PLCg,Ca+PLCg.tau,eCaPLCgp+PIP2.Km,0.9904,positive (redundant),0.017605,0.067296
TrKs_PLCg,Ca+PLCg.tau,eCaPLCgp+PIP2.kcat,0.9904,positive (redundant),0.017605,0.067826
Receptors_Ras_1,Ca+CaNCa2.tau,eCaMGEF+Ras.kcat,0.9904,positive (redundant),0.000426,0.094443
Receptors_MAPK_2,ePP2A+RpT840barr2craf1p.kcat,ecraf1_mGluRbarr2+MEK.kcat,0.9904,positive (redundant),0.061099,0.060978
PKA_1,R2C2cAMP+cAMP.Kd,R2C2cAMP2+cAMP.Kd,0.9899,positive (redundant),0.266593,0.253456
Receptors_Ras_2,ePKA+GEF.kcat,eGbg+Ras.kcat,0.9898,positive (redundant),0.028439,0.115849
TrKs_SHC,eEGFR+SHC.kcat,SHCp_deph.Kf,0.9897,positive (redundant),0.17144,0.707064
TrKs_PLCg,Ca+PLCg.tau,eCaPLCg+PIP2.Km,-0.9896,negative (compensating),0.017605,0.073595
Receptors_eEF2,ebCaMKIII+eEF2.Km,ebS6K+CaMKIII.Km,0.9896,positive (redundant),0.144086,0.002054
PKA_1,PKAinhib+PKA.Kd,PKAinhib+PKA.tau,0.9895,positive (redundant),0.055529,0.018189
PKC,PKC_Ca+AA.tau,PKC+AA.tau,-0.9895,negative (compensating),0.248914,0.010581
barr2,eGRK2+DHPG_mGluR5.kcat,LRpT840_barr2_internalize.Kf,0.9894,positive (redundant),0.000517,0.006269
Receptors_MAPK_2,ecraf+MAPKK.kcat,ecraf+MAPKKp.kcat,0.9893,positive (redundant),0.541262,0.658397
barr2,GRK2+bg.tau,LRpT840_barr2_internalize.Kf,0.9892,positive (redundant),0.011052,0.006269
barr2,eGRK2+DHPG_mGluR5.Km,LRpT840_barr2_internalize.Kf,0.9892,positive (redundant),0.003342,0.006269
barr2,DHPGRpT840+barr2.Kd,LRpT840_barr2_internalize.Kf,0.9892,positive (redundant),0.004989,0.006269
mGluR_PLCb,PLC_CaGq_inact.Kf,Gq_deph.Kf,0.9892,positive (redundant),0.182855,0.168782
PLA2_1,ePLA2PIP2Ca+APC.Km,PIP2_CaPLA2p_act.Kd,0.9892,positive (redundant),0.298112,0.288253
barr2,DHPGRpT840_barr2_internalize.Kf,LRpT840_barr2_internalize.Kf,-0.989,negative (compensating),0.003012,0.006269
HomerPIKE_1,eHomerPIKEPI3K+PIP2.Km,PIKE+Glu_mGluR_Homer.tau,0.989,positive (redundant),0.209764,0.000383
PKA_1,R2C2cAMP2+cAMP.tau,R2C2cAMP3+cAMP.tau,0.989,positive (redundant),0.153412,0.186964
barr2,GRK2_antag.Kf,LRpT840+barr2.tau,0.9887,positive (redundant),0.155431,0.003663
barr2,GRK2_Gq_inact.Kf,LRpT840+barr2.tau,0.9887,positive (redundant),0.155431,0.003663
barr2,GRK2+bg.tau,GRK2_antag.Kf,0.9883,positive (redundant),0.011052,0.155431
barr2,GRK2+bg.tau,GRK2_Gq_inact.Kf,0.9883,positive (redundant),0.011052,0.155431
TrKs_SHC,eEGFR+SHC.Km,eEGFR+SHC.kcat,0.9883,positive (redundant),0.732609,0.17144
Receptors_Ras_1,ePKC+GEF.kcat,GEF_deph.Kf,0.9883,positive (redundant),0.076037,0.110117
mGluR_PLCb,PLC_CaGq_inact.Kf,PLC_Gq+Ca.Kd,0.988,positive (redundant),0.182855,0.17563
barr2,LRpT840+barr2.tau,LRpT840_barr2_internalize.Kf,0.9879,positive (redundant),0.003663,0.006269
Receptors_Ras_2,Ca+CaNCa2.Kd,CaMCa3+CaN.Kd,0.9878,positive (redundant),0.000666,0.000342
barr2,GRK2_antag.Kf,eGRK2+DHPG_mGluR5.kcat,0.9877,positive (redundant),0.155431,0.000517
barr2,GRK2_Gq_inact.Kf,eGRK2+DHPG_mGluR5.kcat,0.9877,positive (redundant),0.155431,0.000517
TrKs_PLCg,Ca+PLCgp.tau,eCaPLCgp+PIP2.Km,-0.9876,negative (compensating),0.059331,0.067296
TrKs_PLCg,Ca+PLCgp.tau,eCaPLCgp+PIP2.kcat,-0.9876,negative (compensating),0.059331,0.067826
Receptors_MAPK_2,ecraf+MAPKK.kcat,ePP2A+MAPKKp.kcat,0.9876,positive (redundant),0.541262,0.545959
barr2,GRK2_antag.Kf,DHPGRpT840+barr2.Kd,0.9875,positive (redundant),0.155431,0.004989
barr2,GRK2_Gq_inact.Kf,DHPGRpT840+barr2.Kd,0.9875,positive (redundant),0.155431,0.004989
AC_1,eAC2pGs+ATP.kcat,ecAMP_PDEp+cAMP.kcat,0.9875,positive (redundant),0.040687,0.014159
barr2,GRK2_antag.Kf,DHPGRpT840_barr2_internalize.Kf,-0.9874,negative (compensating),0.155431,0.003012
barr2,GRK2_Gq_inact.Kf,DHPGRpT840_barr2_internalize.Kf,-0.9874,negative (compensating),0.155431,0.003012
TrKs_PLCg,Ca+PLCg.tau,Ca+PLCgp.tau,-0.9874,negative (compensating),0.017605,0.059331
barr2,GRK2_antag.Kf,DHPGRpT840+barr2.tau,0.9873,positive (redundant),0.155431,0.000528
barr2,GRK2_Gq_inact.Kf,DHPGRpT840+barr2.tau,0.9873,positive (redundant),0.155431,0.000528
Glu_mGluR_1,ePP2A+RpS870S901.kcat,ePP2A+IntRpS901.Km,0.9872,positive (redundant),0.00057,0.021596
TrKs_PLCg,Ca+PLCgp.tau,eCaPLCg+PIP2.Km,0.9869,positive (redundant),0.059331,0.073595
AMPAR_1,Glu+sAMPARpS831.Kd,eCaN+iAMPARpS845S831.Km,0.9868,positive (redundant),0.020961,0.020824
Receptors_S6K,bS6K_act.Kf,ePP2A+S6Kpq.Km,0.9868,positive (redundant),0.137845,0.133457
Glu_mGluR_1,RpS870Gq+Glu.Kd,RpS870Gq+Glu.tau,0.9863,positive (redundant),0.007096,0.006369
Ca,eVGCC+Ca.Km,eAMPAR+VGCC.kcat,-0.9863,negative (compensating),0.004554,0.004942
Receptors_MAPK_2,eMKP1+MAPKp.Km,ePP2A+MAPKKp.kcat,0.9863,positive (redundant),0.546084,0.545959
Receptors_eEF2,ebCaMKIII+eEF2.Km,CaMKIIIp_deph.Kf,-0.986,negative (compensating),0.144086,0.199181
TrKs_PLCg,Ca+PLCgp.tau,eCaPLCg+PIP2.kcat,0.9859,positive (redundant),0.059331,0.075906
Receptors_eEF2,ebS6K+CaMKIII.kcat,CaMKIIIp_deph.Kf,0.9857,positive (redundant),0.000157,0.199181
DHPG_mGluR_2,DHPG_mGluR+Gq.Kd,DHPG_mGluR+Gq.tau,0.9856,positive (redundant),0.16716,0.032492
Receptors_eIF4E,emTORC1+eIF4E_4EBP.kcat,ePP2A+4EBPpq.Km,0.9854,positive (redundant),0.008936,0.116376
Receptors_eIF4E,ePP2A+4EBPpq.Km,ePP2A+4EBPpq.kcat,-0.9854,negative (compensating),0.116376,0.009582
barr2,GRK2_antag.Kf,eGRK2+DHPG_mGluR5.Km,0.9853,positive (redundant),0.155431,0.003342
barr2,GRK2_Gq_inact.Kf,eGRK2+DHPG_mGluR5.Km,0.9853,positive (redundant),0.155431,0.003342
Glu_mGluR_1,ePKC+mGluR.Km,ePP2A+IntRpS901.Km,0.9849,positive (redundant),0.024657,0.021596
Glu_mGluR_1,RpS870Glu+Gq.Kd,ePP2A+IntRpS901.Km,0.9849,positive (redundant),0.011106,0.021596
Ca,eVGCC+Ca.Km,eAMPAR+VGCC.Km,-0.9849,negative (compensating),0.004554,0.007877
Ca,eVGCC+Ca.Km,eVGCC+Ca.kcat,-0.9847,negative (compensating),0.004554,0.007576
Glu_mGluR_1,RpS870+Glu.tau,ePP2A+IntRpS901.Km,0.9844,positive (redundant),0.017101,0.021596
Glu_mGluR_1,ePKA+GluR.Km,ePP2A+IntRpS901.Km,0.9843,positive (redundant),0.006724,0.021596
Glu_mGluR_1,ePP2A+LRpS870G.Km,ePP2A+IntRpS901.Km,0.9843,positive (redundant),0.029199,0.021596
Glu_mGluR_1,RpS870Glu+Gq.tau,ePP2A+IntRpS901.Km,0.9843,positive (redundant),0.043088,0.021596
Glu_mGluR_1,ePP2A+LRpS870G.kcat,ePP2A+IntRpS901.Km,0.9842,positive (redundant),0.01091,0.021596
Receptors_Ras_2,CaMCa4+GEF.tau,CaMCa3+CaN.Kd,0.9841,positive (redundant),0.001023,0.000342
Ca,eVGCC+Ca.kcat,eGlu_NMDAR+Ca.Km,0.9839,positive (redundant),0.007576,0.142075
Receptors_Ras_2,GAP_deph.Kf,CaMCa3+CaN.Kd,0.9839,positive (redundant),0.000911,0.000342
Glu_mGluR_1,RpS870+Glu.Kd,ePP2A+IntRpS901.Km,0.9838,positive (redundant),0.03347,0.021596
Receptors_Ras_2,ePKC+GAP.Km,CaMCa3+CaN.Kd,0.9838,positive (redundant),0.000283,0.000342
Ca,eGlu_NMDAR+Ca.Km,eAMPAR+VGCC.Km,0.9837,positive (redundant),0.142075,0.007877
HomerPIKE_1,eHomerPIKEPI3K+PIP2.Km,eHomerPIKEPI3K+PIP2.kcat,0.9836,positive (redundant),0.209764,0.176178
PKA_2,eAC2GsFsk+ATP.Km,eAC1GsFsk+ATP.kcat,0.9833,positive (redundant),0.000381,0.000528
Receptors_Ras_2,ePKA+GEF.kcat,ePKA+GEF.Km,0.9833,positive (redundant),0.028439,0.03764
Receptors_S6K,eMAPK+S6K.Km,eMAPK+S6K.kcat,0.9831,positive (redundant),0.128525,0.106258
Receptors_S6,eS6Kpqrs+40S.Km,eS6Kpqrs+40S.kcat,-0.983,negative (compensating),0.025487,0.00254
Glu_mGluR_1,ePP2A+RpS870G.kcat,ePP2A+IntRpS901.Km,0.9828,positive (redundant),0.032984,0.021596
HomerPIKE_1,PI3K+Glu_mGluR_HomerPIKE.Kd,PIKE+Glu_mGluR_Homer.tau,0.9826,positive (redundant),0.205466,0.000383
Receptors_MAPK_2,ePP2A+MAPKKpq.Km,eMKP1+MAPKp.Km,0.9825,positive (redundant),0.691509,0.546084
Ca,eGlu_NMDAR+Ca.Km,eAMPAR+VGCC.kcat,0.9821,positive (redundant),0.142075,0.004942
PLA2_1,ePLA2PIP2Ca+APC.kcat,ePLA2PIP2Ca+APC.Km,0.9815,positive (redundant),0.296025,0.298112
Receptors_S6K,ePDK1+S6K.Km,ePDK1+S6K.kcat,-0.9814,negative (compensating),0.152139,0.091431
HomerPIKE_1,PIKE+Glu_mGluR_Homer.Kd,PIKE+Glu_mGluR_Homer.tau,0.9805,positive (redundant),0.203451,0.000383
Receptors_MAPK_2,ecraf+MAPKK.kcat,eMKP1+MAPKp.Km,0.9805,positive (redundant),0.541262,0.546084
Receptors_Ras_2,CaMCa4+CaN.tau,CaMCa3+CaN.Kd,0.9802,positive (redundant),0.002172,0.000342
DHPG_mGluR_2,DHPG_mGluR+Gq.tau,DHPG+mGluR.tau,0.9801,positive (redundant),0.032492,0.000975
PKC,PKC_DAG+AA.Kd,PKC_DAG+AA.tau,0.9801,positive (redundant),0.23934,0.001855
Receptors_Ras_2,CaMCa2+CaN.Kd,CaMCa3+CaN.Kd,0.9798,positive (redundant),0.001596,0.000342
Receptors_Ras_2,CaMCa3+CaN.tau,CaMCa3+CaN.Kd,0.9797,positive (redundant),0.000867,0.000342
PKC,PKC_Ca+DAG.tau,PKC_Ca_DAG_to_memb.tau,0.9792,positive (redundant),0.015839,0.004194
PKA_2,Fsk+AC2Gs.Kd,eAC2GsFsk+ATP.Km,0.9784,positive (redundant),0.004985,0.000381
Glu_mGluR_1,ePP2A+LRpS870.kcat,Gq_release.Kf,0.9783,positive (redundant),0.015436,0.028592
mGluR_PLCb,PLC_Ca+Gq.Kd,PLC_CaGq_inact.Kf,0.978,positive (redundant),0.171088,0.182855
Receptors_MAPK_2,ePP2A+MAPKKpq.Km,ePP2A+MAPKKp.kcat,0.978,positive (redundant),0.691509,0.545959
Receptors_protein,FMRP+iTransl.Kd,eTrans+AA.kcat,0.9777,positive (redundant),0.003335,0.011089
AC_2,Epi+b2AR.Kd,EpiR+GsGDP.tau,0.9776,positive (redundant),0.009332,0.00451
Receptors_protein,Degrade_FMRP.Kf,FMRP_synth.Kd,0.9776,positive (redundant),0.007847,0.008482
Receptors_MAPK_2,ecraf+MAPKK.Km,ecraf+MAPKKp.Km,0.9775,positive (redundant),0.217348,0.239107
Receptors_eIF4E,ePP2A+eIF4EBPpq.Km,ePP2A+eIF4EBPpq.kcat,-0.9775,negative (compensating),0.003358,0.00032
CaM,CaMCa3+Ca.Kd,CaMCa2+Ca.Kd,0.9774,positive (redundant),0.064158,0.022163
Receptors_AKT,ePI3K+AKT.Km,PIP3+PDK1.Kd,0.9772,positive (redundant),0.07358,0.07665
barr2,GRK2+bg.Kd,DHPGRpT840+barr2.tau,0.9771,positive (redundant),0.54724,0.000528
Receptors_Ras_2,CaMCa4+GEF.Kd,CaMCa3+CaN.Kd,0.977,positive (redundant),0.006798,0.000342
Receptors_eIF4E,emTORC1+eIF4E_4EBP.Km,ePP2A+eIF4EBPpq.kcat,0.9769,positive (redundant),0.239469,0.00032
TrKs_PLCg,eEGFR+CaPLCg.Km,eEGFR+CaPLCg.kcat,-0.9768,negative (compensating),0.014108,0.058153
PKC,PKC_DAG_AA_act.Kd,PKC_DAG+AA.tau,0.9768,positive (redundant),0.25213,0.001855
DHPG_mGluR_2,DHPG_mGluR+Gq.Kd,DHPG+mGluR.tau,0.9762,positive (redundant),0.16716,0.000975
mGluR_PLCb,ePLCb_Ca_Gq+PIP2.kcat,Gq_deph.Kf,0.9762,positive (redundant),0.189591,0.168782
PKA_1,R2C2+cAMP.Kd,R2C2cAMP3+cAMP.Kd,0.9761,positive (redundant),0.257809,0.278801
Receptors_Ras_2,eCaMGEF+Ras.Km,CaMCa3+CaN.Kd,0.976,positive (redundant),0.01273,0.000342
AMPAR_2,eCaN+iAMPARpS845.kcat,eCaMKII+AMPA_sAMPARpS845.kcat,0.9757,positive (redundant),0.044082,0.029638
HomerPIKE_1,PI3K+Glu_mGluR_HomerPIKE.Kd,eHomerPIKEPI3K+PIP2.kcat,0.9756,positive (redundant),0.205466,0.176178
TrKs_PLCg,eTrKB+PLCg.Km,eTrKB+PLCg.kcat,-0.9756,negative (compensating),0.236057,0.046724
Receptors_Ras_1,ePKC+GEF.kcat,ePKC+GEF.Km,0.9752,positive (redundant),0.076037,0.130518
Glu_mGluR_2,ePP2A+RpS870.kcat,ePP2A+RpS870G.Km,0.9747,positive (redundant),0.036749,0.001172
Receptors_MAPK_2,ecraf1_mGluRbarr2+MEKp.kcat,mGluRpT840barr2craf_dissoc.Kf,0.9745,positive (redundant),0.060944,0.060889
barr2,GRK2+bg.Kd,GRK2+bg.tau,0.9738,positive (redundant),0.54724,0.011052
barr2,GRK2+bg.Kd,eGRK2+DHPG_mGluR5.kcat,0.9736,positive (redundant),0.54724,0.000517
AC_1,Gs+AC1.tau,Gs+AC2p.Kd,0.9736,positive (redundant),0.028891,0.022817
PKA_1,R2C2cAMP+cAMP.Kd,R2C2cAMP3+cAMP.Kd,0.9735,positive (redundant),0.266593,0.278801
AC_1,Gs+AC1.tau,CaMCa4+AC1.tau,0.9732,positive (redundant),0.028891,0.00462
Receptors_MAPK_2,ePP2A+RpT840barr2craf1p.kcat,ePKC+mGluRbarr2_craf.Km,0.9732,positive (redundant),0.061099,0.06129
barr2,GRK2+bg.Kd,DHPGRpT840+barr2.Kd,0.9731,positive (redundant),0.54724,0.004989
HomerPIKE_1,PIKE+Glu_mGluR_Homer.Kd,eHomerPIKEPI3K+PIP2.kcat,0.9731,positive (redundant),0.203451,0.176178
Receptors_MAPK_2,ecraf1_mGluRbarr2+MEK.kcat,mGluRpT840barr2craf_dissoc.Kf,0.9729,positive (redundant),0.060978,0.060889
Receptors_protein,FMRP+iTransl.Kd,ebTrans+AA.kcat,0.9728,positive (redundant),0.003335,0.008766
Glu_mGluR_1,RpS870Gq+Glu.Kd,ePP2A+LRpS870.Km,0.9726,positive (redundant),0.007096,0.021976
barr2,GRK2+bg.Kd,DHPGRpT840_barr2_internalize.Kf,-0.9726,negative (compensating),0.54724,0.003012
AMPAR_2,ePKA+Glu_sAMPARp.kcat,ePKA+AMPA_sAMPARp.kcat,0.9725,positive (redundant),0.014148,0.014109
barr2,GRK2+bg.Kd,LRpT840+barr2.tau,0.9718,positive (redundant),0.54724,0.003663
mGluR_PLCb,ePLCb_Ca_Gq+PIP2.Km,Gq_deph.Kf,0.9718,positive (redundant),0.185299,0.168782
AC_2,Epi+b2AR.Kd,EpiR+GsGDP.Kd,-0.9716,negative (compensating),0.009332,0.008569
Receptors_PI3K_1,ebPI3K+PIP2.Km,Sosp_deph.Kf,0.9715,positive (redundant),0.023527,0.001482
barr2,GRK2+bg.Kd,eGRK2+DHPG_mGluR5.Km,0.9714,positive (redundant),0.54724,0.003342
AMPAR_2,ePP1+iAMPARpS831.Km,eCaN+sAMPARpS845S831.Km,0.9713,positive (redundant),0.044807,0.035626
Receptors_MAPK_2,ecraf+MAPKKp.kcat,eMKP1+MAPKp.Km,0.9712,positive (redundant),0.658397,0.546084
Glu_mGluR_2,GluRpS870G_act.Kf,ePP2A+IntRpS901.kcat,0.9708,positive (redundant),0.009676,0.00985
Receptors_PI3K_1,ebPI3K+PIP2.Km,ebPI3K+PIP2.kcat,0.9708,positive (redundant),0.023527,0.001431
Receptors_PI3K_1,ebPI3K+PIP2.Km,eSHCpGrb2Gab1PI3K+PIP2.kcat,0.9708,positive (redundant),0.023527,0.000797
Receptors_PI3K_1,ebPI3K+PIP2.Km,ePI3K_Ras+PIP2.kcat,0.9706,positive (redundant),0.023527,0.000705
Receptors_PI3K_1,ebPI3K+PIP2.Km,Sos+Grb2.tau,0.9706,positive (redundant),0.023527,0.002055
Receptors_PI3K_1,ebPI3K+PIP2.Km,Sosp+Grb2.tau,0.9705,positive (redundant),0.023527,0.001044
Receptors_PI3K_1,Sosp+Grb2.Kd,ebPI3K+PIP2.Km,-0.9701,negative (compensating),0.000387,0.023527
PLA2_1,ePLA2PIP2Ca+APC.kcat,PIP2_CaPLA2p_act.Kd,0.9699,positive (redundant),0.296025,0.288253
Receptors_Ras_1,bg+GEF.Kd,Ras_inact_GEFp.Kf,-0.9696,negative (compensating),0.001554,0.00251
Receptors_PI3K_1,ePTEN+PIP3.kcat,ebPI3K+PIP2.Km,-0.9694,negative (compensating),0.000168,0.023527
AC_1,Gs+AC1.tau,eAC1CaM+ATP.Km,0.9687,positive (redundant),0.028891,0.016179
Receptors_MAPK_2,ecraf+MAPKK.kcat,ePP2A+MAPKKpq.Km,0.9686,positive (redundant),0.541262,0.691509
mGluR_PLCb,ePLCb_Ca_Gq+PIP2.kcat,bGq_act.Kf,0.9685,positive (redundant),0.189591,0.164471
Receptors_Ras_1,ePKC+GEF.kcat,eGEF+RasGDP.Km,0.9684,positive (redundant),0.076037,0.145923
AMPAR_1,ePKA+sAMPAR.kcat,eCaN+sAMPARpS845.kcat,0.9681,positive (redundant),0.015943,0.023106
Receptors_MAPK_1,craf_deph.Km,craf_deph.kcat,0.9673,positive (redundant),0.509404,0.640971
Receptors_Ras_1,eGbg+Ras.Km,ebGEF+Ras.kcat,-0.9662,negative (compensating),0.001914,0.362629
DHPG_mGluR_2,DHPG+mGluR_Gq.tau,DHPGGq_act.Kf,0.9657,positive (redundant),0.021848,0.071806
barr2,GRK2_antag.Kf,LRpT840_barr2_internalize.Kf,0.9657,positive (redundant),0.155431,0.006269
barr2,GRK2_Gq_inact.Kf,LRpT840_barr2_internalize.Kf,0.9657,positive (redundant),0.155431,0.006269
Receptors_Ras_1,eGbg+Ras.Km,eSHCpSosGrb2+Ras.kcat,0.9656,positive (redundant),0.001914,0.093305
Receptors_MAPK_2,eAKT+Raf.Km,ePKC+mGluRbarr2_craf.Km,0.9655,positive (redundant),0.061237,0.06129
Receptors_MAPK_2,ecraf+MAPKKp.kcat,ePP2A+MAPKKp.kcat,0.9653,positive (redundant),0.658397,0.545959
AMPAR_3,Glu+sAMPAR.tau,AMPA+sAMPARpS831.tau,0.9652,positive (redundant),0.019317,0.018167
CaMKII_2,CaMCa4+CaMKII.tau,eCaMCaMKII+CaMCaMKII.Km,0.965,positive (redundant),0.387244,0.291225
Receptors_PI3K_1,ebPI3K+PIP2.Km,PI3K+RasGTP.tau,0.9649,positive (redundant),0.023527,0.003345
mGluR_PLCb,ePLCb_Ca_Gq+PIP2.Km,bGq_act.Kf,0.9637,positive (redundant),0.185299,0.164471
Receptors_eIF4E,ePP2A+4EBPpqr.Km,ePP2A+4EBPpqr.kcat,-0.9636,negative (compensating),0.063198,0.00284
Receptors_MAPK_2,ecraf+MAPKKp.kcat,ePP2A+MAPKKpq.Km,0.9626,positive (redundant),0.658397,0.691509
Receptors_eIF4E,eMAPK+4EBPpq.Km,eMAPK+4EBPpq.kcat,0.9625,positive (redundant),0.427957,0.043243
mGluR_PLCb,PLC_CaGq_inact.Kf,bGq_act.Kf,0.9623,positive (redundant),0.182855,0.164471
Receptors_PI3K_1,ebPI3K+PIP2.Km,SHCp+Grb2.tau,0.9621,positive (redundant),0.023527,0.003282
barr2,GRK2+bg.Kd,GRK2_antag.Kf,0.962,positive (redundant),0.54724,0.155431
barr2,GRK2+bg.Kd,GRK2_Gq_inact.Kf,0.962,positive (redundant),0.54724,0.155431
Receptors_MAPK_2,eAKT+Raf.Km,mGluRpT840barr2craf_dissoc.Kf,0.9615,positive (redundant),0.061237,0.060889
Receptors_AKT,PIP3+AKT.Kd,PIP3+PDK1.Kd,0.9612,positive (redundant),0.076891,0.07665
TrKs_PLCg,eEGFR+PLCg.Km,eEGFR+PLCg.kcat,-0.9604,negative (compensating),0.455564,0.134
Receptors_PI3K_1,ebPI3K+PIP2.Km,ePI3K_Ras+PIP2.Km,0.9599,positive (redundant),0.023527,0.001392
mGluR_PLCb,PLC_Ca+Gq.Kd,ePLCb_Ca_Gq+PIP2.kcat,0.9598,positive (redundant),0.171088,0.189591
Glu_mGluR_1,ePKC+mGluR.Km,RpS870+Glu.Kd,0.9596,positive (redundant),0.024657,0.03347
Glu_mGluR_1,ePKA+GluR.Km,RpS870+Glu.Kd,0.9596,positive (redundant),0.006724,0.03347
Glu_mGluR_1,ePP2A+RpS870S901.kcat,RpS870+Glu.Kd,0.9593,positive (redundant),0.00057,0.03347
Glu_mGluR_1,ePP2A+LRpS870G.Km,RpS870+Glu.Kd,0.9593,positive (redundant),0.029199,0.03347
Glu_mGluR_1,RpS870+Glu.Kd,RpS870Glu+Gq.tau,0.9592,positive (redundant),0.03347,0.043088
PKA_1,R2C2+cAMP.Kd,R2C2cAMP2+cAMP.Kd,0.9592,positive (redundant),0.257809,0.253456
TrKB,TrKBdimeriz.tau,auto_TrKB.Kf,-0.9591,negative (compensating),0.004607,0.003972
Glu_mGluR_1,ePP2A+LRpS870G.kcat,RpS870+Glu.Kd,0.9589,positive (redundant),0.01091,0.03347
Receptors_protein,FMRP+iTransl.Kd,ebTrans+AA.Km,0.9589,positive (redundant),0.003335,0.198383
Glu_mGluR_1,RpS870+Glu.Kd,RpS870+Glu.tau,0.9587,positive (redundant),0.03347,0.017101
Glu_mGluR_1,RpS870+Glu.Kd,RpS870Glu+Gq.Kd,0.9585,positive (redundant),0.03347,0.011106
Glu_mGluR_1,ePP2A+RpS870G.kcat,RpS870+Glu.Kd,0.9581,positive (redundant),0.032984,0.03347
AMPAR_3,from_memb1.Kf,from_memb2.Kf,0.9561,positive (redundant),0.096935,0.088774
Glu_mGluR_2,mGluR5_recycling.tau,ePKC+LRpS870G.kcat,-0.956,negative (compensating),0.005763,0.000164
mGluR_PLCb,PLC_Gq+Ca.Kd,Gq_deph.Kf,0.9558,positive (redundant),0.17563,0.168782
Glu_mGluR_2,mGluR5_recycling.tau,ePKC+mGluR.kcat,-0.9554,negative (compensating),0.005763,0.000851
mGluR_PLCb,PLC_Ca+Gq.Kd,ePLCb_Ca_Gq+PIP2.Km,0.9546,positive (redundant),0.171088,0.185299
Receptors_S6K,ePP2A+S6Kpqrs.kcat,ePP2A+S6Kpqr.kcat,0.9546,positive (redundant),0.002873,0.003901
barr2,GRK2_antag.Kf,eGRK2+Glu_mGluR5.Km,0.9537,positive (redundant),0.155431,0.416812
barr2,GRK2_Gq_inact.Kf,eGRK2+Glu_mGluR5.Km,0.9537,positive (redundant),0.155431,0.416812
Glu_mGluR_1,ePP2A+IntRpS901.Km,ePP2A+LRpS870.Km,0.9533,positive (redundant),0.021596,0.021976
AC_1,ecAMP_PDEp+cAMP.Km,eAC2pGs+ATP.kcat,0.9527,positive (redundant),0.005691,0.040687
Receptors_protein,FMRP+iTransl.Kd,FMRP_synth.tau,0.9523,positive (redundant),0.003335,0.00351
mGluR_PLCb,bGq_act.Kf,Gq_deph.Kf,0.9519,positive (redundant),0.164471,0.168782
TrKs_PLCg,eEGFR+PLCg.kcat,eEGFR+CaPLCg.Km,-0.9516,negative (compensating),0.134,0.014108
Receptors_MAPK_1,eRas+MAPKK.Km,eRas+MAPKKp.Km,0.9515,positive (redundant),0.390372,0.504506
TrKs_PLCg,eEGFR+PLCg.Km,PLCgp_deph.Kf,0.9514,positive (redundant),0.455564,0.287051
TrKs_PLCg,Ca+PLCgp.Kd,eCaPLCg+PIP2.kcat,-0.9511,negative (compensating),0.067008,0.075906
PKA_1,R2C2cAMP2+cAMP.tau,R2C2cAMP+cAMP.tau,0.9502,positive (redundant),0.153412,0.076869
TrKs_PLCg,Ca+PLCgp.Kd,eCaPLCg+PIP2.Km,-0.9501,negative (compensating),0.067008,0.073595
TrKs_PLCg,Ca+PLCgp.Kd,eCaPLCgp+PIP2.kcat,0.95,positive (redundant),0.067008,0.067826
TrKs_PLCg,Ca+PLCgp.Kd,eCaPLCgp+PIP2.Km,0.9499,positive (redundant),0.067008,0.067296
Glu_mGluR_1,ePKC+LRG.Km,RpS870+Glu.Kd,0.9498,positive (redundant),0.065442,0.03347
AMPAR_2,eCaMKII+AMPARpS845.kcat,eCaMKII+Glu_sAMPARpS845.Km,0.9498,positive (redundant),0.032658,0.016332
Receptors_MAPK_5,eMAPKK+MAPKp.Km,eMAPKK+MAPK.Km,0.9497,positive (redundant),0.432387,0.432321
Receptors_PI3K_1,SHC+SosGrb2.tau,SHCpGrb2Gab1+PI3K.Kd,0.9496,positive (redundant),0.000916,0.532565
AMPAR_2,AMPA+sAMPARpS831.Kd,eCaMKII+AMPA_sAMPARpS845.kcat,0.9487,positive (redundant),0.031035,0.029638
Glu_mGluR_1,ePKC+LRG.Km,ePP2A+IntRpS901.Km,0.9485,positive (redundant),0.065442,0.021596
AC_1,PDE_deph.Kf,CaMCa4+AC1.tau,0.9477,positive (redundant),0.027773,0.00462
Receptors_Ras_2,Ca+CaNCa2.Kd,ePKC+GAP.Km,0.9477,positive (redundant),0.000666,0.000283
AC_1,PDE_deph.Kf,Gs+AC2p.Kd,0.9476,positive (redundant),0.027773,0.022817
Receptors_PI3K_1,SHC+SosGrb2.tau,SHCp+Grb2.Kd,0.9469,positive (redundant),0.000916,0.456552
Receptors_Ras_1,ebGEF+Ras.Km,eGbg+Ras.Km,0.9464,positive (redundant),0.008039,0.001914
Receptors_MAPK_1,craf_deph.Km,ePP2A+MAPKKp.Km,0.9458,positive (redundant),0.509404,0.608577
Receptors_MAPK_1,eRas+MAPKKp.kcat,eMAPKK+MAPK.kcat,0.945,positive (redundant),0.516586,0.494495
Receptors_MAPK_2,ePP2A+RpT840barr2craf1p.kcat,eAKT+Raf.Km,0.945,positive (redundant),0.061099,0.061237
CaM,CaMCa3+Ca.Kd,CaM+Ca.Kd,0.9442,positive (redundant),0.064158,0.140166
Receptors_PI3K_1,SHC+SosGrb2.tau,eSHCpGrb2Gab1PI3K+PIP2.Km,-0.9442,negative (compensating),0.000916,0.009033
43S,QR+M.Kd,R+M.Kd,-0.944,negative (compensating),0.152381,0.396667
Receptors_Ras_1,eSHCpSosGrb2+Ras.kcat,ebGEF+Ras.kcat,-0.9438,negative (compensating),0.093305,0.362629
AMPAR_3,degradation_2.Kf,AMPA+sAMPARpS845.Kd,0.9429,positive (redundant),0.020033,0.014114
Receptors_PI3K_1,ebPI3K+PIP2.Km,PI3K+RasGTP.Kd,0.9414,positive (redundant),0.023527,0.157546
Receptors_protein,FMRP+iTransl.Kd,ePP2A+FMRPp.kcat,0.9414,positive (redundant),0.003335,0.000698
Receptors_Ras_1,bg+GEF.Kd,eGbg+Ras.Km,0.9409,positive (redundant),0.001554,0.001914
Receptors_eIF4E,emTORC1+eIF4E_4EBP.kcat,ePP2A+eIF4EBPpq.Km,0.9404,positive (redundant),0.008936,0.003358
Receptors_Ras_2,GAP_deph.Kf,ePKC+GAP.Km,0.94,positive (redundant),0.000911,0.000283
PKC,PKC+Ca.tau,PKC_Ca_to_memb.tau,0.9396,positive (redundant),0.022895,0.038633
Receptors_Ras_2,CaMCa4+GEF.tau,ePKC+GAP.Km,0.9395,positive (redundant),0.001023,0.000283
Receptors_MAPK_2,ecraf1_mGluRbarr2+MEKp.kcat,ePKC+mGluRbarr2_craf.Km,0.9395,positive (redundant),0.060944,0.06129
AC_1,PDE_deph.Kf,Gs+AC1.tau,0.9393,positive (redundant),0.027773,0.028891
Receptors_protein,Degrade_FMRP.Kf,eCKII+FMRP.kcat,-0.9392,negative (compensating),0.007847,0.039124
Receptors_eIF4E,ePP2A+4EBPpq.kcat,ePP2A+eIF4EBPpq.Km,-0.9391,negative (compensating),0.009582,0.003358
Receptors_mTOR_S6K,ebAKT+TSC1_2.kcat,RhebGTP+mTOR.tau,0.9387,positive (redundant),0.000439,0.000611
AC_1,PDE_deph.Kf,eAC1CaM+ATP.Km,0.9385,positive (redundant),0.027773,0.016179
Glu_mGluR_2,ePP2A+RpS870.Km,ePP2A+RpS870.kcat,0.938,positive (redundant),0.056037,0.036749
mGluR_PLCb,PLC_Ca+Gq.Kd,PLC_Gq+Ca.Kd,0.938,positive (redundant),0.171088,0.17563
AMPAR_2,AMPA+sAMPARpS845S831.tau,ePP1+sAMPARpS831.kcat,0.9379,positive (redundant),0.029196,0.035551
Receptors_MAPK_1,eRas+MAPKKp.kcat,ePP2A+MAPKKpq.kcat,0.9378,positive (redundant),0.516586,0.660348
Ca,eVGCC+Ca.Km,eGlu_NMDAR+Ca.Km,-0.9377,negative (compensating),0.004554,0.142075
Receptors_mTOR_S6K,eAKT+TSC1_2.kcat,RhebGTP+mTOR.tau,-0.9376,negative (compensating),0.006288,0.000611
Receptors_mTOR_S6K,eAKT+TSC1_2.Km,RhebGTP+mTOR.tau,-0.9375,negative (compensating),0.028098,0.000611
Receptors_mTOR_S6K,TSC1_2_deph.Kf,RhebGTP+mTOR.tau,-0.9375,negative (compensating),0.028331,0.000611
Receptors_MAPK_2,ecraf1_mGluRbarr2+MEK.kcat,ePKC+mGluRbarr2_craf.Km,0.9373,positive (redundant),0.060978,0.06129
mGluR_PLCb,PLC_Gq+Ca.Kd,bGq_act.Kf,0.9371,positive (redundant),0.17563,0.164471
PKC,PKC_DAG_AA_act.Kd,PKC_DAG_AA_act.tau,0.9367,positive (redundant),0.25213,0.00017
Receptors_protein,FMRP_synth.Kd,eCKII+FMRP.kcat,-0.9366,negative (compensating),0.008482,0.039124
Receptors_mTOR_S6K,ebAKT+TSC1_2.Km,RhebGTP+mTOR.tau,0.9365,positive (redundant),0.000691,0.000611
Receptors_MAPK_2,eMKP1+MAPKpq.kcat,ePKC+mGluRbarr2_craf.Km,0.9362,positive (redundant),0.061097,0.06129
Receptors_MAPK_1,eMAPKK+MAPK.kcat,ePP2A+MAPKKpq.kcat,0.9357,positive (redundant),0.494495,0.660348
AC_1,ecAMP_PDEp+cAMP.Km,ecAMP_PDEp+cAMP.kcat,0.9352,positive (redundant),0.005691,0.014159
HomerPIKE_1,eCaMKII+LRHomerpPIKEPI3K.kcat,eHomerPIKEPI3K+PIP2.kcat,0.9349,positive (redundant),0.021734,0.176178
Receptors_eIF4E,ePP2A+4EBPpqr.Km,ePP2A+eIF4EBPpqr.Km,0.9338,positive (redundant),0.063198,0.000913
Receptors_eIF4E,emTORC1+eIF4E_4EBP.kcat,ePP2A+eIF4EBPpq.kcat,-0.9335,negative (compensating),0.008936,0.00032
Glu_mGluR_1,ePKC+LRG.Km,ePP2A+RpS870S901.kcat,0.9333,positive (redundant),0.065442,0.00057
Receptors_PI3K_1,SHC+SosGrb2.tau,SHC+SosGrb2.Kd,0.9332,positive (redundant),0.000916,0.005752
Glu_mGluR_1,ePKC+LRG.Km,ePKC+mGluR.Km,0.9326,positive (redundant),0.065442,0.024657
Glu_mGluR_1,ePKC+LRG.Km,ePKA+GluR.Km,0.9324,positive (redundant),0.065442,0.006724
Receptors_Ras_2,CaMCa4+CaN.tau,ePKC+GAP.Km,0.9323,positive (redundant),0.002172,0.000283
Glu_mGluR_1,ePKC+LRG.Km,ePP2A+LRpS870G.Km,0.9322,positive (redundant),0.065442,0.029199
Glu_mGluR_1,ePKC+LRG.Km,RpS870Glu+Gq.tau,0.9322,positive (redundant),0.065442,0.043088
Receptors_eIF4E,ePP2A+4EBPpq.kcat,ePP2A+eIF4EBPpq.kcat,0.9322,positive (redundant),0.009582,0.00032
Glu_mGluR_1,ePKC+LRG.Km,RpS870Glu+Gq.Kd,0.9321,positive (redundant),0.065442,0.011106
Glu_mGluR_1,ePKC+LRG.Km,ePP2A+LRpS870G.kcat,0.932,positive (redundant),0.065442,0.01091
Glu_mGluR_1,ePKC+LRG.Km,RpS870+Glu.tau,0.9319,positive (redundant),0.065442,0.017101
Receptors_Ras_2,CaMCa2+CaN.Kd,ePKC+GAP.Km,0.9318,positive (redundant),0.001596,0.000283
Receptors_Ras_2,CaMCa3+CaN.tau,ePKC+GAP.Km,0.9317,positive (redundant),0.000867,0.000283
Glu_mGluR_1,ePKC+LRG.Km,ePP2A+RpS870G.kcat,0.9315,positive (redundant),0.065442,0.032984
Glu_mGluR_1,RpS870+Glu.Kd,RpS870Gq+Glu.Kd,0.9314,positive (redundant),0.03347,0.007096
TrKs_PLCg,eEGFR+PLCg.kcat,PLCgp_deph.Kf,-0.9314,negative (compensating),0.134,0.287051
mGluR_PLCb,PLC_Ca+Gq.Kd,bGq_act.Kf,0.9314,positive (redundant),0.171088,0.164471
CaM,CaMCa3+Ca.Kd,CaMCa+Ca.Kd,0.9312,positive (redundant),0.064158,0.111467
PKC,PKC_DAG_AA_act.tau,PKC_DAG+AA.Kd,0.9308,positive (redundant),0.00017,0.23934
PKC,PKC_Ca+DAG.Kd,PKC_Ca_DAG_to_memb.tau,0.9301,positive (redundant),0.00188,0.004194
Glu_mGluR_1,ePKC+LRG.Km,ePP2A+LRpS870.Km,0.93,positive (redundant),0.065442,0.021976
Receptors_Ras_2,CaMCa4+GEF.Kd,ePKC+GAP.Km,0.9288,positive (redundant),0.006798,0.000283
DHPG_mGluR_2,DHPG+mGluR_Gq.Kd,DHPG+mGluR_Gq.tau,0.9286,positive (redundant),0.369293,0.021848
barr2,eGRK2+Glu_mGluR5.Km,LRpT840+barr2.tau,0.9273,positive (redundant),0.416812,0.003663
Glu_mGluR_1,ePP2A+LRpS870.kcat,ePP2A+IntRpS901.Km,0.927,positive (redundant),0.015436,0.021596
Receptors_MAPK_2,eMKP1+MAPKpq.kcat,mGluRpT840barr2craf_dissoc.Kf,0.927,positive (redundant),0.061097,0.060889
PKA_1,R2C2+cAMP.Kd,R2C2cAMP+cAMP.Kd,0.9267,positive (redundant),0.257809,0.266593
Receptors_protein,FMRP+iTransl.tau,ePP2A+FMRPp.kcat,-0.9265,negative (compensating),0.001875,0.000698
AMPAR_1,synGAPpPSD_dissoc.tau,eCaN+iAMPARpS845S831.Km,0.9255,positive (redundant),0.054845,0.020824
mGluR_PLCb,PLC+Gq.Kd,Degrade_IP3.Kf,0.9255,positive (redundant),0.012461,0.011776
Receptors_Ras_2,eCaMGEF+Ras.Km,ePKC+GAP.Km,0.9247,positive (redundant),0.01273,0.000283
AC_3,ecAMP_PDE+cAMP.Km,ecAMP_PDE+cAMP.kcat,0.9245,positive (redundant),0.011866,0.013044
PKA_2,Fsk+AC2Gs.Kd,eAC1GsFsk+ATP.kcat,0.9245,positive (redundant),0.004985,0.000528
barr2,GRK2+bg.tau,eGRK2+Glu_mGluR5.Km,0.9243,positive (redundant),0.011052,0.416812
Receptors_S6,eS6Kpqrs+40S.kcat,S6_deph.Kf,-0.9243,negative (compensating),0.00254,0.041876
barr2,eGRK2+Glu_mGluR5.Km,DHPGRpT840_barr2_internalize.Kf,-0.9241,negative (compensating),0.416812,0.003012
barr2,eGRK2+Glu_mGluR5.Km,DHPGRpT840+barr2.Kd,0.9237,positive (redundant),0.416812,0.004989
barr2,eGRK2+Glu_mGluR5.Km,eGRK2+DHPG_mGluR5.kcat,0.9235,positive (redundant),0.416812,0.000517
Receptors_eIF4E,emTORC1+eIF4E_4EBP.Km,emTORC1+eIF4E_4EBP.kcat,-0.9231,negative (compensating),0.239469,0.008936
AMPAR_1,eCaN+sAMPARpS845.kcat,eCaN+iAMPARpS845S831.kcat,0.9229,positive (redundant),0.023106,0.026323
barr2,eGRK2+Glu_mGluR5.Km,eGRK2+DHPG_mGluR5.Km,0.922,positive (redundant),0.416812,0.003342
PKA_1,Release_C1.tau,R2C2cAMP+cAMP.tau,0.922,positive (redundant),0.160646,0.076869
AMPAR_1,ePKA+sAMPAR.kcat,ePKA+Glu_sAMPARp.Km,0.9218,positive (redundant),0.015943,0.035186
Receptors_eIF4E,emTORC1+eIF4E_4EBP.Km,ePP2A+4EBPpq.kcat,0.9216,positive (redundant),0.239469,0.009582
AMPAR_1,ePKA+Glu_sAMPARp.Km,eCaN+iAMPARpS845S831.kcat,0.9214,positive (redundant),0.035186,0.026323
Glu_mGluR_1,RpS870Gq+Glu.tau,ePP2A+LRpS870.Km,0.9211,positive (redundant),0.006369,0.021976
Receptors_protein,FMRP_synth.tau,ePP2A+FMRPp.kcat,0.9203,positive (redundant),0.00351,0.000698
AMPAR_1,ePP1+sAMPARpS831.Km,ePKA+intAMPAR.kcat,0.9198,positive (redundant),0.035091,0.080281
TrKs_PLCg,Ca+PLCg.tau,Ca+PLCgp.Kd,0.9194,positive (redundant),0.017605,0.067008
Receptors_S6K,ePP2A+S6Kpq.kcat,ePP2A+S6Kpqrs.kcat,0.9194,positive (redundant),0.01165,0.002873
PKA_1,Release_C1.Kd,Release_C2.Kd,0.9193,positive (redundant),0.06109,0.054379
barr2,eGRK2+Glu_mGluR5.Km,DHPGRpT840+barr2.tau,0.9185,positive (redundant),0.416812,0.000528
mGluR_PLCb,PLC+Gq.Kd,PLC_Gq+Ca.Kd,0.9182,positive (redundant),0.012461,0.17563
HomerPIKE_1,eCaMKII+LRHomerpPIKEPI3K.kcat,PIKE+Glu_mGluR_Homer.tau,0.9181,positive (redundant),0.021734,0.000383
AMPAR_4,exchange.Kd,to_memb.tau,0.918,positive (redundant),0.050534,0.082395
Receptors_MAPK_2,ecraf1_mGluRbarr2+MEKp.kcat,eAKT+Raf.Km,0.9172,positive (redundant),0.060944,0.061237
mGluR_PLCb,PLC_Ca+Gq.Kd,PLC+Gq.Kd,0.9165,positive (redundant),0.171088,0.012461
AMPAR_2,eCaMKII+synGAP_PDZ.kcat,eCaMKII+AMPA_sAMPARpS845.kcat,0.9164,positive (redundant),0.024854,0.029638
43S,QR+M.Kd,RM+Q.Kd,0.9162,positive (redundant),0.152381,0.140506
Receptors_protein,pep_elongation.tau,FMRP_synth.tau,-0.916,negative (compensating),0.005757,0.00351
AMPAR_1,Glu+sAMPARpS845.Kd,ePKA+intAMPAR.kcat,0.9159,positive (redundant),0.03735,0.080281
AMPAR_2,AMPA+sAMPARpS831.Kd,eCaN+iAMPARpS845.kcat,0.9145,positive (redundant),0.031035,0.044082
mGluR_PLCb,PLC_CaGq_inact.Kf,PLC+Gq.Kd,0.9145,positive (redundant),0.182855,0.012461
PKA_1,ePKA+I1.kcat,Release_C1.Kd,-0.9145,negative (compensating),0.003724,0.06109
Receptors_MAPK_2,ecraf1_mGluRbarr2+MEK.kcat,eAKT+Raf.Km,0.9142,positive (redundant),0.060978,0.061237
Receptors_MAPK_1,ePP2A+MAPKKp.Km,eMAPKK+MAPK.kcat,0.9139,positive (redundant),0.608577,0.494495
AMPAR_1,Glu+sAMPARpS845.tau,from_memb3.Kf,0.9138,positive (redundant),0.021449,0.020545
Receptors_Ras_1,bg+GEF.Kd,ebGEF+Ras.kcat,-0.913,negative (compensating),0.001554,0.362629
Receptors_protein,pep_elongation.Kd,Degrade_protein.Kf,0.9125,positive (redundant),0.029895,0.019094
Glu_mGluR_1,ePKC+mGluR.Km,ePP2A+LRpS870.Km,0.9119,positive (redundant),0.024657,0.021976
Glu_mGluR_1,ePKA+GluR.Km,ePP2A+LRpS870.Km,0.9119,positive (redundant),0.006724,0.021976
Glu_mGluR_1,ePP2A+LRpS870G.Km,ePP2A+LRpS870.Km,0.9114,positive (redundant),0.029199,0.021976
Glu_mGluR_1,RpS870Glu+Gq.tau,ePP2A+LRpS870.Km,0.9113,positive (redundant),0.043088,0.021976
Glu_mGluR_1,ePP2A+RpS870S901.kcat,ePP2A+LRpS870.Km,0.9112,positive (redundant),0.00057,0.021976
Glu_mGluR_1,ePP2A+LRpS870G.kcat,ePP2A+LRpS870.Km,0.911,positive (redundant),0.01091,0.021976
Glu_mGluR_1,RpS870+Glu.tau,ePP2A+LRpS870.Km,0.9105,positive (redundant),0.017101,0.021976
Receptors_Ras_1,ebGEF+Ras.Km,ebGEF+Ras.kcat,-0.9104,negative (compensating),0.008039,0.362629
Glu_mGluR_1,RpS870Glu+Gq.Kd,ePP2A+LRpS870.Km,0.9103,positive (redundant),0.011106,0.021976
mGluR_PLCb,PLC+Gq.Kd,Gq_deph.Kf,0.9101,positive (redundant),0.012461,0.168782
Glu_mGluR_1,ePP2A+RpS870G.kcat,ePP2A+LRpS870.Km,0.91,positive (redundant),0.032984,0.021976
PKA_1,R2C2cAMP2+cAMP.tau,R2C2+cAMP.tau,0.9099,positive (redundant),0.153412,0.022107
Glu_mGluR_3,Glu_mGluR+Gq.Kd,Glu_mGluR+Gq.tau,0.9089,positive (redundant),0.337825,0.060511
Receptors_S6,ebS6K+S6.Km,eS6Kpqrs+40S.kcat,-0.9081,negative (compensating),0.050712,0.00254
AC_1,ePKA+cAMP_PDE.kcat,CaMCa4+AC1.tau,0.9076,positive (redundant),0.021248,0.00462
Receptors_S6,ebS6K+S6.kcat,eS6Kpqrs+40S.kcat,0.9076,positive (redundant),0.005007,0.00254
AC_1,ePKA+cAMP_PDE.kcat,Gs+AC2p.Kd,0.9074,positive (redundant),0.021248,0.022817
Glu_mGluR_1,ePP2A+LRpS870.kcat,ePP2A+RpS870S901.kcat,0.9061,positive (redundant),0.015436,0.00057
AMPAR_4,ePP1+iAMPARpS845S831.Km,eCaMKII+AMPARpS845.Km,0.906,positive (redundant),0.08374,0.028791
Receptors_protein,pep_elongation.tau,eCKII+FMRP.Km,-0.9056,negative (compensating),0.005757,0.002256
Receptors_Ras_1,bg+GEF.Kd,eSHCpSosGrb2+Ras.kcat,0.9051,positive (redundant),0.001554,0.093305
AC_2,eAC1Gs+ATP.Km,eAC1Gs+ATP.kcat,0.9046,positive (redundant),0.008708,0.076809
Receptors_MAPK_2,eMKP1+MAPKpq.kcat,ePP2A+RpT840barr2craf1p.kcat,0.9037,positive (redundant),0.061097,0.061099
AC_1,ePKA+cAMP_PDE.kcat,Gs+AC1.tau,0.9027,positive (redundant),0.021248,0.028891
Receptors_protein,eTrans+AA.kcat,ePP2A+FMRPp.kcat,0.9027,positive (redundant),0.011089,0.000698
Receptors_PI3K_1,Sos+Grb2.Kd,SHC+SosGrb2.tau,0.9023,positive (redundant),0.005692,0.000916
Glu_mGluR_1,Gq_release.Kf,ePP2A+IntRpS901.Km,0.9019,positive (redundant),0.028592,0.021596
Receptors_MAPK_1,craf_deph.kcat,eMAPKK+MAPK.kcat,0.9014,positive (redundant),0.640971,0.494495
Receptors_S6K,emTORC1+S6K.Km,ePP2A+S6Kpqrs.kcat,0.9004,positive (redundant),0.210277,0.002873
